{
  "rus.death_certificate.type1:main": {
    "config": "templates/rus.death_certificate.type1.main.common.json", 
    "expected_fields": [
      "death_date", 
      "surname", 
      "issue_year", 
      "series", 
      "issue_day", 
      "issue_month", 
      "number", 
      "birth_month", 
      "name_and_patronymic", 
      "birth_day", 
      "birth_year"
    ], 
    "fields": {
      "birth_day": {
        "scale": 1.1, 
        "workflow": {
          "settings": {
            "deshearer": ":/mixangler/rus_certificate_deshearer.json", 
            "recstr": ":/recstr/rus.death_certificate__digits_recstr.json"
          }, 
          "type": "common"
        }
      }, 
      "birth_month": {
        "scale": 1.3, 
        "workflow": {
          "settings": {
            "deshearer": ":/mixangler/rus_certificate_deshearer.json", 
            "recstr": ":/recstr/rus.death_certificate__symbols_recstr.json"
          }, 
          "type": "common"
        }
      }, 
      "birth_year": {
        "scale": 1.1, 
        "workflow": {
          "settings": {
            "deshearer": ":/mixangler/rus_certificate_deshearer.json", 
            "recstr": ":/recstr/rus.death_certificate__digits_recstr.json"
          }, 
          "type": "common"
        }
      }, 
      "death_date": {
        "scale": 1.1, 
        "workflow": {
          "settings": {
            "deshearer": ":/mixangler/rus_certificate_deshearer.json", 
            "recstr": ":/recstr/rus.death_certificate__birth_date_recstr.json"
          }, 
          "type": "common"
        }
      }, 
      "issue_day": {
        "scale": 1.1, 
        "workflow": {
          "settings": {
            "deshearer": ":/mixangler/rus_certificate_deshearer.json", 
            "recstr": ":/recstr/rus.death_certificate__digits_recstr.json"
          }, 
          "type": "common"
        }
      }, 
      "issue_month": {
        "scale": 1.3, 
        "workflow": {
          "settings": {
            "deshearer": ":/mixangler/rus_certificate_deshearer.json", 
            "recstr": ":/recstr/rus.death_certificate__symbols_recstr.json"
          }, 
          "type": "common"
        }
      }, 
      "issue_year": {
        "scale": 1.1, 
        "workflow": {
          "settings": {
            "deshearer": ":/mixangler/rus_certificate_deshearer.json", 
            "recstr": ":/recstr/rus.death_certificate__digits_recstr.json"
          }, 
          "type": "common"
        }
      }, 
      "name_and_patronymic": {
        "scale": 1.0, 
        "workflow": {
          "settings": {
            "deshearer": ":/mixangler/rus_certificate_deshearer.json", 
            "recstr": ":/recstr/rus.death_certificate__name_patron_recstr.json"
          }, 
          "type": "common"
        }
      }, 
      "number": {
        "scale": 1.1, 
        "workflow": {
          "settings": {
            "deshearer": ":/mixangler/rus_certificate_deshearer.json", 
            "recstr": ":/recstr/rus.death_certificate__number_recstr.json"
          }, 
          "type": "common"
        }
      }, 
      "series": {
        "scale": 1.1, 
        "workflow": {
          "settings": {
            "deshearer": ":/mixangler/rus_certificate_deshearer.json", 
            "recstr": ":/recstr/rus.death_certificate__prefix_recstr.json"
          }, 
          "type": "common"
        }
      }, 
      "surname": {
        "scale": 1.0, 
        "workflow": {
          "settings": {
            "deshearer": ":/mixangler/rus_certificate_deshearer.json", 
            "recstr": ":/recstr/rus.death_certificate__surname_recstr.json"
          }, 
          "type": "common"
        }
      }
    }, 
    "formatters": [
      {
        "formatter": ":/postprocessor/punctuation_filter.json", 
        "input_fields": ["birth_day"]
      }, 
      {
        "formatter": ":/postprocessor/punctuation_filter.json", 
        "input_fields": ["birth_month"]
      }, 
      {
        "formatter": ":/postprocessor/punctuation_filter.json", 
        "input_fields": ["birth_year"]
      }, 
      {
        "formatter": ":/postprocessor/punctuation_filter.json", 
        "input_fields": ["issue_day"]
      }, 
      {
        "formatter": ":/postprocessor/punctuation_filter.json", 
        "input_fields": ["issue_month"]
      }, 
      {
        "formatter": ":/postprocessor/punctuation_filter.json", 
        "input_fields": ["issue_year"]
      }, 
      {
        "formatter": ":/postprocessor/dummy_postprocessor.json", 
        "input_fields": ["surname"]
      }, 
      {
        "formatter": ":/postprocessor/dummy_postprocessor.json", 
        "input_fields": ["name_and_patronymic"]
      }, 
      {
        "formatter": ":/postprocessor/date/default_issue_date_DDMMYYYY_formatter.json", 
        "input_fields": ["death_date"]
      }, 
      {
        "formatter": ":/postprocessor/punctuation_filter.json", 
        "input_fields": ["number"]
      }, 
      {"formatter": ":/postprocessor/spaces_filter.json", "input_fields": ["series"]}
    ], 
    "image_integrators": {"__default__": ":/integrator/default_image_integrator.json"}, 
    "integrators": {"number": ":/integrator/default_token_integrator.json"}, 
    "size": [1600, 2220], 
    "zones": {
      "death_date_zone": {
        "rect": [140, 970, 1330, 140], 
        "workflow": {
          "settings": {"vertsgm": "vertsgm/death_date_zone.json"}, 
          "type": "common"
        }
      }, 
      "fio_zone": {
        "rect": [140, 560, 1330, 400], 
        "workflow": {"settings": {"vertsgm": "vertsgm/fio_zone.json"}, "type": "common"}
      }, 
      "issue_date_zone": {
        "rect": [620, 1690, 860, 80], 
        "workflow": {
          "settings": {"vertsgm": "vertsgm/issue_date_zone.json"}, 
          "type": "common"
        }
      }, 
      "number_zone": {
        "rect": [580, 1980, 460, 110], 
        "workflow": {
          "settings": {"vertsgm": "vertsgm/number_zone.json"}, 
          "type": "common"
        }
      }
    }
  }
}