{
  "card.indent": {
    "expected_templates": ["card.indent:front"], 
    "output_fields": ["number", "expiry_date", "name"], 
    "postprocessors": [
      {
        "allow_incomplete_inputs": true, 
        "input_fields": [
          "number_dinersclub", 
          "number_amex", 
          "number_standard", 
          "number_maestro"
        ], 
        "output_fields": ["number"], 
        "postprocessor": "postprocessor/card_number_postprocessor.json"
      }, 
      {
        "input_fields": ["expiry_date"], 
        "postprocessor": "postprocessor/expiry_date_postprocessor.json"
      }, 
      {
        "input_fields": ["name"], 
        "postprocessor": "postprocessor/card_name_postprocessor.json"
      }
    ], 
    "rejectors": {"__default__": ":/rejector/default_loyal_rejector.json"}, 
    "templates": {"card.indent:front": {"path": "tpl__card.indent.front.json"}}
  }
}