{
  "settings": {
    "finders": [
      {
        "config": ":/docs/card/ffe_config.json",
        "dispatch": "*"
      },
      {
        "config": {
          "settings": {
            "number_rect": [
              0,
              265,
              856,
              110
            ],
            "orientation_checker": {
              "settings": {
                "autocontrast": false,
                "recognizer_path": "recognizers/type.pb"
              },
              "type": "native"
            },
            "template_height": 540,
            "template_width": 856,
            "type_checker": "recstr/type_checker_recstr.json"
          },
          "type": "cardreader"
        },
        "dispatch": "*"
      }
    ]
  },
  "type": "multi_sequence"
}