{
  "type": "rus_name_and_patronymic_gender_predictor",
  "settings": {
    "name_field_alias": "name",
    "surname_field_alias": "surname",
    "patronymic_field_alias": "patronymic",
    "gender_predicted_field_alias": "gender_predicted",
    "name_and_patronymic_field_alias": "name_and_patronymic",
    "name_postprocessor":       "multisequence_name_postprocessor.json",
    "patronymic_postprocessor": "multisequence_patronymic_postprocessor.json",
    "surname_postprocessor": "multisequence_surname_postprocessor.json",
    "male_value": "МУЖ.",
    "female_value": "ЖЕН.",
    "patronymic_male_ending": "ИЧ",
    "patronymic_female_ending": "НА",
    "surname_male_endings" : ["ОВ", "ЕВ"],
    "surname_female_endings": ["ОВА"]
  }
}