{
  "type": "multisequence",
  "settings": {
    "postprocessors": [
        {
          "type": "trigram",
          "settings": {
            "postptocessing_weight" : 0.9,
            "dictionary_path" : ":/postprocessor/dict/pfr/trigram_surname.pb"
          }
        },
        {
          "type": "levdict",
          "settings": {
            "dictionary": {
              "type": "file",
              "data": ":/postprocessor/dict/pfr/levdict_surname_short.dict"
            },
            "max_input_confidence": 0.8,
            "max_input_dict_weight": 0,
            "min_change_dict_weight": 1000,
            "max_levenshtein_penalty": 2.0,
            "insertion_base_penalty": 1.0,
            "insertion_streak_penalty": 1.0,
            "deletion_base_penalty": 1.0,
            "deletion_streak_penalty": 1.0,
            "substitution_weight": 0.5,
            "max_states_count": 2000
          }
        }
    ]
  }
}