{
  "type": "multisequence",
  "settings": {
    "postprocessors": [
      {
        "type": "trigram",
        "settings": {
          "postptocessing_weight" : 0.9,
          "dictionary_path" : ":/postprocessor/dict/pfr/trigram_name.pb"
        }
      },
      {
        "type": "levdict",
        "settings": {
          "dictionary": {
            "type": "file",
            "data": ":/postprocessor/dict/pfr/levdict_name_short.dict"
          },
          "max_input_confidence": 1.0, 
          "max_input_dict_weight": 14,
          "min_change_dict_weight": 100,
          "max_levenshtein_penalty": 1.5,
          "insertion_base_penalty": 0.6,
          "insertion_streak_penalty": 1.5,
          "deletion_base_penalty": 0.8,
          "deletion_streak_penalty": 1.5,
          "substitution_weight": 0.9,
          "max_states_count": 1200
        }
      }
    ]
  }
}