{
  "type": "multisequence",
  "settings": {
    "postprocessors": [
      {
        "type": "trigram",
        "settings": {
          "postptocessing_weight" : 0.9,
          "dictionary_path" : ":/postprocessor/dict/pfr/trigram_patronymic.pb"
        }
      },
      {
        "type": "levdict",
        "settings": {
          "dictionary": {
            "type": "file",
            "data": ":/postprocessor/dict/pfr/levdict_patronymic_short.dict"
          },
          "max_input_confidence": 1.0,
          "max_input_dict_weight": 1,
          "min_change_dict_weight": 118,
          "max_levenshtein_penalty": 2.0,
          "insertion_base_penalty": 1.0,
          "insertion_streak_penalty": 1.0,
          "deletion_base_penalty": 0.7,
          "deletion_streak_penalty": 0.8,
          "substitution_weight": 0.45,
          "max_states_count": 4000
        }
      }
    ]
  }
}