{
  "type": "integrator",
  "settings": {
  	"input_fields_sequence": ["number", "number2", "number_back", "number2_back"],
    "input_fields_weights": [[1.0, 0.1], [1.0, 0.1], [1.0, 0.1], [1.0, 0.1]],    
  	"output_field": "number2",
    "internal_integrator": {
      "type": "token",
      "settings": {
        "weight_relevance": 0.0,
        "tokens_cutoff": 3,
        "integrate_confidence_info": false
      }
    },
    "weighting_rejector": {
      "type": "worst_character", 
      "settings": { 
        "set_accept_flag": true,
        "cumulative_confidence_threshold": 0.9
      }
    },
    "attributes_integrator": ":/integrator/default_attributes_integrator.json"
  }
}