{
    "type": "common", 
    "settings": {
        "processing": {
            "use_blink_removing": false, 
            "blink_removing_percent": 0.1, 
            "use_background_closing": true, 
            "background_closing_wx": 7, 
            "background_closing_wy": 7, 
            "use_morphology_open": true, 
            "morphology_open_wx": 13, 
            "morphology_open_wy": 0, 
            "use_morphology_close": true, 
            "morphology_close_wx": 3, 
            "morphology_close_wy": 5, 
            "use_autocontrast": true, 
            "autocontrast_satur_black": 0.02, 
            "autocontrast_satur_white": 0.05, 
            "use_angle_detector": true, 
            "use_saturation": false, 
            "deskewer": ":/mixangler/common_deskewer.json"
        }, 
        "settings": {
            "max_v_size": 40, 
            "min_v_size": 10, 
            "min_h_size": 15, 
            "min_h_gap": 35, 
            "step_x": 30, 
            "step_y": 20
        }, 
        "layout": [
            {}, 
            {
                "objects": [
                    {
                        "is_optional": true
                    }, 
                    {
                        "name": "fio"
                    }
                ]
            }
        ]
    }
}