{
    "type": "common", 
    "settings": {
        "processing": {
            "use_blink_removing": false, 
            "blink_removing_percent": 0.1, 
            "use_background_closing": false, 
            "background_closing_wx": 5, 
            "background_closing_wy": 5, 
            "use_morphology_open": true, 
            "morphology_open_wx": 12, 
            "morphology_open_wy": 5, 
            "use_morphology_close": true, 
            "morphology_close_wx": 1, 
            "morphology_close_wy": 11, 
            "use_autocontrast": true, 
            "autocontrast_satur_black": 0.05, 
            "autocontrast_satur_white": 0.05, 
            "use_angle_detector": true, 
            "use_saturation": false, 
            "deskewer": ":/mixangler/common_deskewer.json"
        }, 
        "settings": {
            "max_v_size": 40, 
            "min_v_size": 20, 
            "min_h_size": 80, 
            "min_h_gap": 10, 
            "step_x": 15, 
            "step_y": 20
        }, 
        "layout": [
            {
                "objects": [
                    {
                        "name": "inn"
                    }, 
                    {
                        "name": "kpp"
                    }
                ]
            }, 
            {
                "is_optional": true
            }
        ]
    }
}