{
  "rus.inn.entity.type1": {
    "output_fields": ["inn", "kpp", "series", "number", "ogrn"], 
    "postprocessors": [
      {
        "input_fields": ["inn"], 
        "postprocessor": "postprocessors/inn_postprocessor.json"
      }, 
      {
        "input_fields": ["kpp"], 
        "postprocessor": "postprocessors/kpp_postprocessor.json"
      }, 
      {
        "input_fields": ["number"], 
        "postprocessor": "postprocessors/number_postprocessor.json"
      }, 
      {
        "input_fields": ["ogrn"], 
        "postprocessor": "postprocessors/ogrn_postprocessor.json"
      }, 
      {
        "input_fields": ["series"], 
        "postprocessor": "postprocessors/series_postprocessor.json"
      }
    ], 
    "rejectors": {"__default__": ":/rejector/default_loyal_rejector.json"}, 
    "templates": {
      "rus.inn.entity.type1:main": {"path": "tpl__rus.inn.entity.type1.main.json"}
    }
  }
}