{
  "rus.inn.citizen.type2": {
    "output_fields": ["fio", "series", "number", "inn", "surname", "name", "patronymic"], 
    "postprocessors": [
      {
        "input_fields": ["inn"], 
        "postprocessor": "postprocessors/inn_citizen_postprocessor.json"
      }, 
      {
        "input_fields": ["fio"], 
        "output_fields": ["surname", "name", "patronymic"], 
        "postprocessor": "postprocessors/citizen_fio_splitter_postprocessor.json"
      }, 
      {
        "input_fields": ["surname"], 
        "postprocessor": "postprocessors/surname_postprocessor.json"
      }, 
      {
        "input_fields": ["name"], 
        "postprocessor": "postprocessors/name_postprocessor.json"
      }, 
      {
        "input_fields": ["patronymic"], 
        "postprocessor": "postprocessors/patronymic_postprocessor.json"
      }, 
      {
        "input_fields": ["surname", "name", "patronymic"], 
        "output_fields": ["fio"], 
        "postprocessor": "postprocessors/citizen_fio_merger_postprocessor.json"
      }
    ], 
    "rejectors": {"__default__": ":/rejector/default_loyal_rejector.json"}, 
    "templates": {
      "rus.inn.citizen.type2:main": {"path": "tpl__rus.inn.citizen.type2.main.json"}
    }
  }
}