{
  "rus.inn.citizen.type3:main": {
    "config": "templates/rus.inn.citizen.type3.main.common.json", 
    "expected_fields": ["fio", "series", "number", "inn", "surname", "name", "patronymic"], 
    "fields": {
      "birth_date": {
        "scale": 2.0, 
        "workflow": {
          "settings": {
            "deshearer": ":/mixangler/dummy_deshearer.json", 
            "recstr": ":/recstr/rus.inn__caps_small_symbols_recstr.json"
          }, 
          "type": "common"
        }
      }, 
      "fio": {
        "scale": 1.4, 
        "workflow": {
          "settings": {
            "deshearer": ":/mixangler/dummy_deshearer.json", 
            "recstr": ":/recstr/rus.inn.citizen__fio_recstr.json"
          }, 
          "type": "common"
        }
      }, 
      "inn": {
        "scale": 1.0, 
        "workflow": {
          "settings": {
            "processors": [
              "inn_citizen_line_eraser_processor.json", 
              {
                "settings": {
                  "deshearer": ":/mixangler/dummy_deshearer.json", 
                  "recstr": ":/recstr/rus.inn__inn_citizen_recstr.json"
                }, 
                "type": "common"
              }
            ]
          }, 
          "type": "multi_sequence"
        }
      }, 
      "number": {
        "scale": 1.0, 
        "workflow": {
          "settings": {
            "deshearer": ":/mixangler/dummy_deshearer.json", 
            "recstr": ":/recstr/rus.inn__number_recstr.json"
          }, 
          "type": "common"
        }
      }, 
      "series": {
        "scale": 1.0, 
        "workflow": {
          "settings": {
            "deshearer": ":/mixangler/dummy_deshearer.json", 
            "recstr": ":/recstr/rus.inn__number_recstr.json"
          }, 
          "type": "common"
        }
      }
    }, 
    "formatters": [
      {"formatter": ":/postprocessor/dummy_postprocessor.json", "input_fields": ["fio"]}, 
      {
        "formatter": ":/postprocessor/punctuation_filter.json", 
        "input_fields": ["series"]
      }, 
      {
        "formatter": ":/postprocessor/punctuation_filter.json", 
        "input_fields": ["number"]
      }, 
      {"formatter": ":/postprocessor/spaces_filter.json", "input_fields": ["inn"]}, 
      {
        "formatter": ":/postprocessor/dummy_postprocessor.json", 
        "input_fields": ["birth_date"]
      }
    ], 
    "image_integrators": {"__default__": ":/integrator/default_image_integrator.json"}, 
    "integrators": {
      "__default__": ":/integrator/default_rover_integrator.json", 
      "inn": ":/integrator/default_token_integrator.json", 
      "number": ":/integrator/default_token_integrator.json", 
      "series": ":/integrator/default_token_integrator.json"
    }, 
    "size": [1500, 2121], 
    "zones": {
      "zone1": {
        "rect": [900, 1850, 480, 170], 
        "workflow": {
          "settings": {"vertsgm": "vertsgm/number_zone.json"}, 
          "type": "common"
        }
      }, 
      "zone2": {
        "rect": [650, 1060, 720, 160], 
        "workflow": {
          "settings": {"vertsgm": "vertsgm/citizen_inn_zone.json"}, 
          "type": "common"
        }
      }, 
      "zone3": {
        "rect": [130, 610, 1210, 170], 
        "workflow": {
          "settings": {"vertsgm": "vertsgm/citizen_type3_fio_zone.json"}, 
          "type": "common"
        }
      }
    }
  }
}