{
  "rus.inn.entity.type2:main": {
    "config": "templates/rus.inn.entity.type2.main.common.json", 
    "expected_fields": ["inn", "kpp", "series", "number", "ogrn"], 
    "fields": {
      "inn": {
        "scale": 1.0, 
        "workflow": {
          "settings": {
            "processors": [
              "inn_kpp_line_eraser_processor.json", 
              {
                "settings": {
                  "deshearer": ":/mixangler/dummy_deshearer.json", 
                  "recstr": ":/recstr/rus.inn__inn_kpp_ogrn_recstr.json"
                }, 
                "type": "common"
              }
            ]
          }, 
          "type": "multi_sequence"
        }
      }, 
      "kpp": {
        "scale": 1.0, 
        "workflow": {
          "settings": {
            "processors": [
              "inn_kpp_line_eraser_processor.json", 
              {
                "settings": {
                  "deshearer": ":/mixangler/dummy_deshearer.json", 
                  "recstr": ":/recstr/rus.inn__inn_kpp_ogrn_recstr.json"
                }, 
                "type": "common"
              }
            ]
          }, 
          "type": "multi_sequence"
        }
      }, 
      "number": {
        "scale": 1.0, 
        "workflow": {
          "settings": {
            "deshearer": ":/mixangler/dummy_deshearer.json", 
            "recstr": ":/recstr/rus.inn__number_recstr.json"
          }, 
          "type": "common"
        }
      }, 
      "ogrn": {
        "scale": 1.0, 
        "workflow": {
          "settings": {
            "processors": [
              "ogrn_line_eraser_processor.json", 
              {
                "settings": {
                  "deshearer": ":/mixangler/dummy_deshearer.json", 
                  "recstr": ":/recstr/rus.inn__inn_kpp_ogrn_recstr.json"
                }, 
                "type": "common"
              }
            ]
          }, 
          "type": "multi_sequence"
        }
      }, 
      "series": {
        "scale": 1.0, 
        "workflow": {
          "settings": {
            "deshearer": ":/mixangler/dummy_deshearer.json", 
            "recstr": ":/recstr/rus.inn__number_recstr.json"
          }, 
          "type": "common"
        }
      }
    }, 
    "formatters": [
      {"formatter": ":/postprocessor/punctuation_filter.json", "input_fields": ["inn"]}, 
      {"formatter": ":/postprocessor/punctuation_filter.json", "input_fields": ["kpp"]}, 
      {
        "formatter": ":/postprocessor/dummy_postprocessor.json", 
        "input_fields": ["series"]
      }, 
      {
        "formatter": ":/postprocessor/punctuation_filter.json", 
        "input_fields": ["number"]
      }, 
      {"formatter": ":/postprocessor/punctuation_filter.json", "input_fields": ["ogrn"]}
    ], 
    "image_integrators": {"__default__": ":/integrator/default_image_integrator.json"}, 
    "integrators": {
      "__default__": ":/integrator/default_rover_integrator.json", 
      "inn": ":/integrator/default_token_integrator.json", 
      "kpp": ":/integrator/default_token_integrator.json", 
      "number": ":/integrator/default_token_integrator.json", 
      "ogrn": ":/integrator/default_token_integrator.json", 
      "series": ":/integrator/default_token_integrator.json"
    }, 
    "size": [1500, 2121], 
    "zones": {
      "zone1": {
        "rect": [900, 1850, 480, 170], 
        "workflow": {
          "settings": {"vertsgm": "vertsgm/number_zone.json"}, 
          "type": "common"
        }
      }, 
      "zone2": {
        "rect": [260, 820, 930, 110], 
        "workflow": {"settings": {"vertsgm": "vertsgm/ogrn_zone.json"}, "type": "common"}
      }, 
      "zone3": {
        "rect": [530, 1170, 840, 90], 
        "workflow": {
          "settings": {"vertsgm": "vertsgm/inn_kpp_zone.json"}, 
          "type": "common"
        }
      }
    }
  }
}