{
  "settings": {
    "deletion_base_penalty": 0.8, 
    "deletion_streak_penalty": 1.5, 
    "dictionary": {
      "data": ":/postprocessor/dict/pfr/levdict_name_short.dict", 
      "type": "file"
    }, 
    "insertion_base_penalty": 0.6, 
    "insertion_streak_penalty": 1.5, 
    "max_input_confidence": 1.0, 
    "max_input_dict_weight": 14, 
    "max_levenshtein_penalty": 1.5, 
    "max_states_count": 1200, 
    "min_change_dict_weight": 100, 
    "substitution_weight": 0.9
  }, 
  "type": "levdict"
}