{
  "type": "alphabet",
  "settings": {
    "type_app": "univ_alph",
    "str_size": 12,    
    "mask_str": [
      "АБВГДЕЁЖЗИЙКЛМНОПРСТУФХЦЧШЩЪЫЬЭЮЯ",
      "АБВГДЕЁЖЗИЙКЛМНОПРСТУФХЦЧШЩЪЫЬЭЮЯ",
      " ",
      "№",
      " ",
      "0123456789",
      "0123456789",
      "0123456789",
      "0123456789",
      "0123456789",
      "0123456789",
      "0123456789"
    ],
    "min_confidence": 0.2,
    "sum_alph_confidence": 0.98,
    "matchs" : {
      "О": "0",
      "Г": "1",
      "Ж": "№",
      "N": "№"
    }
  }
}