{
  "type": "alphabet",
  "settings": {
    "type_app": "univ_alph",
    "str_size": 8,    
    "mask_str": [
      "АБВГДЕЖЗИЙКЛМНОПРСТУФХЦЧШЩЪЬЮЯ",
      "-",
      "0123456789",
      "0123456789",
      "0123456789",
      "0123456789",
      "0123456789",
      "0123456789"
    ],
    "min_confidence": 0.2,
    "sum_alph_confidence": 0.98,
    "matchs" : {
      "6": "Б",
      "Б": "6",
      "0": "О",
      "О": "0",
      ".": "-",
      "7": "Т",
      "Т": "7"
    }
  }
}