{
  "type": "rus_birth_certificate_issue_date",
  "settings": {
    "issue_day_field_alias": "issue_day",
    "issue_month_field_alias": "issue_month",
    "issue_year_field_alias": "issue_year",
    "issue_date_field_alias": "issue_date",
    "issue_month_postprocessor": "levdict_month_postprocessor.json",
    "issue_day_postprocessor": {
      "type": "alphabet",
      "settings": {
        "type_app": "univ_alph",
        "str_size": 2,    
        "mask_str": [
          "0123",
          "0123456789"
        ],
        "min_confidence": 0.2,
        "sum_alph_confidence": 0.98,
        "matchs" : {
          "4": "1",
          "7": "2"
        }
      }
    },
    "issue_year_postprocessor": {
      "type": "alphabet",
      "settings": {
        "type_app": "univ_alph",
        "str_size": 4,    
        "mask_str": [
          "12",
          "90",
          "0123456789",
          "0123456789"
        ],
        "min_confidence": 0.2,
        "sum_alph_confidence": 0.98,
        "matchs" : {
          "4": "1",
          "7": "2"
        }
      }
    },
    "full_date_postprocessor": ":/postprocessor/date/default_issue_date_DDMMYYYY_postprocessor.json"
  }
}