{
  "type": "rus_birth_sertificate_series",
  "settings": {
    "rus_alphabet": "АБВГДЕЁЖЗИЙКЛМНОПРСТУФХЦЧШЩЪЫЬЭЮЯ",
    "replacer_postprocessor_full": {
      "type": "replacer",
      "settings": {
        "matchs": {
          "IО": "Ю",
          "АI": "М",
          "ГI": "П"
        }
      }
    },
    "punctuation_filter": ":/postprocessor/punctuation_filter.json",
    "replacer_postprocessor_prefix": {
      "type": "replacer",
      "settings": {
        "matchs": {
          "Е": "I",
          "L": "I",
          "П": "II",
          "Н": "II",
          "И": "II",
          "Ш": "III",
          "IЛ": "V"
        }
      }
    }
  }
}



