{
  "type": "common",
  "settings":
  {
      "field_type": "digits",
      "font_depth": [0.625, 0.645],
      "try_mono": true,
      "morph_filter": false,
      "min_height": 30,
      "max_height": 40,
      "padding_y": 4,
      "projection_provider": 
      {
        "type": "absgrad",
        "settings": {
          "quantile": 0.95,
          "gauss_sigma": 0.0
        }
      },
      "base_lines_finder": 
      {
        "type": "absgrad",
        "settings": { }
      }
  }
}
