{
  "(sample)": "TODO", 
  "features": {
    "content": {
      "(ffe)": ":/docs/rus.inn.entity/ffe_config_mobile.json", 
      "(sources)": "rus.inn.citizen.type4.main.common/sources.lst", 
      "descriptor_size": 296, 
      "descriptor_type": "uint1", 
      "rotations": 4, 
      "variants": "rus.inn.citizen.type4.main.common/variants.lst"
    }, 
    "type": "common"
  }, 
  "name": "rus.inn.citizen.type4:main", 
  "size_mm": [
    210.0, 
    297.0
  ], 
  "size_px": [
    1500, 
    2121
  ]
}