{
    "type": "common", 
    "settings": {
        "processing": {
            "use_blink_removing": true, 
            "blink_removing_percent": 0.1, 
            "use_background_closing": true, 
            "background_closing_wx": 3, 
            "background_closing_wy": 3, 
            "use_morphology_open": true, 
            "morphology_open_wx": 19, 
            "morphology_open_wy": 1, 
            "use_morphology_close": true, 
            "morphology_close_wx": 0, 
            "morphology_close_wy": 7, 
            "use_autocontrast": true, 
            "autocontrast_satur_black": 0.15, 
            "autocontrast_satur_white": 0.75, 
            "use_angle_detector": true, 
            "use_saturation": false, 
            "deskewer": ":/mixangler/common_deskewer.json"
        }, 
        "settings": {
            "max_v_size": 30, 
            "min_v_size": 11, 
            "min_h_size": 20, 
            "min_h_gap": 10, 
            "step_x": 13, 
            "step_y": 5
        }, 
        "layout": [
            {
                "objects": [
                    {
                        "is_optional": true
                    }, 
                    {
                        "name": "surname"
                    }
                ]
            }, 
            {}, 
            {
                "objects": [
                    {
                        "is_optional": true
                    }, 
                    {
                        "name": "name"
                    }
                ]
            }, 
            {
                "is_optional": true
            }, 
            {
                "objects": [
                    {
                        "is_optional": true
                    }, 
                    {
                        "name": "patronymic"
                    }
                ]
            }, 
            {
                "is_optional": true
            }
        ]
    }
}