{
    "type": "common",
    "settings": {
        "processing": {
            "use_blink_removing": true,
            "blink_removing_percent": 0.1,
            "use_background_closing": true,
            "background_closing_wx": 4,
            "background_closing_wy": 4,
            "use_morphology_open": true,
            "morphology_open_wx": 10,
            "morphology_open_wy": 0,
            "use_morphology_close": false,
            "morphology_close_wx": 3,
            "morphology_close_wy": 3,
            "use_autocontrast": true,
            "autocontrast_satur_black": 0.02,
            "autocontrast_satur_white": 0.05,
            "use_saturation": true
        },
        "settings": {
            "max_v_size": 60,
            "min_v_size": 10,
            "min_h_size": 20,
            "min_h_gap": 20,
            "step_x": 13,
            "step_y": 5
        },
        "layout": [
            {
                "objects": [
                    {
                        "name": "birth_date"
                    }
                ]
            },
            {
              "is_optional": true  
            }
        ]
    }
}