{
    "type": "common",
    "settings": {
        "processing": {
            "use_blink_removing": true,
            "blink_removing_percent": 0.1,
            "use_background_closing": true,
            "background_closing_wx": 4,
            "background_closing_wy": 4,
            "use_morphology_open": true,
            "morphology_open_wx": 19,
            "morphology_open_wy": 0,
            "use_morphology_close": true,
            "morphology_close_wx": 0,
            "morphology_close_wy": 7,
            "use_autocontrast": true,
            "autocontrast_satur_black": 0.02,
            "autocontrast_satur_white": 0.05,
            "use_saturation": true
        },
        "settings": {
            "max_v_size": 60,
            "min_v_size": 10,
            "min_h_size": 20,
            "min_h_gap": 70,
            "step_x": 15,
            "step_y": 10
        },
        "layout": [
            {
              "is_optional": true  
            },
            {
                "objects": [
                    {
                        "name": "birth_place"
                    }
                ]
            },
            {
                "objects": [
                    {"is_optional": true},
                    {
                        "name": "residence"
                    }
                ]
            },
            {}
        ]
    }
}