{
    "type": "common", 
    "settings": {
        "processing": {
            "use_blink_removing": true, 
            "blink_removing_percent": 0.1, 
            "use_background_closing": true, 
            "background_closing_wx": 4, 
            "background_closing_wy": 4, 
            "use_morphology_open": true, 
            "morphology_open_wx": 13, 
            "morphology_open_wy": 1, 
            "use_morphology_close": false, 
            "morphology_close_wx": 0, 
            "morphology_close_wy": 3, 
            "use_autocontrast": true, 
            "autocontrast_satur_black": 0.02, 
            "autocontrast_satur_white": 0.05, 
            "use_angle_detector": true, 
            "use_saturation": false, 
            "deskewer": ":/mixangler/common_deskewer.json"
        }, 
        "settings": {
            "max_v_size": 60, 
            "min_v_size": 10, 
            "min_h_size": 22, 
            "min_h_gap": 100, 
            "step_x": 15, 
            "step_y": 9
        }, 
        "layout": [
            {}, 
            {}, 
            {
                "objects": [
                    {
                        "name": "number"
                    }
                ]
            }, 
            {
                "is_optional": true
            }
        ]
    }
}