{
    "type": "common", 
    "settings": {
        "processing": {
            "use_blink_removing": true, 
            "blink_removing_percent": 0.1, 
            "use_background_closing": true, 
            "background_closing_wx": 7, 
            "background_closing_wy": 7, 
            "use_morphology_open": true, 
            "morphology_open_wx": 15, 
            "morphology_open_wy": 0, 
            "use_morphology_close": false, 
            "morphology_close_wx": 3, 
            "morphology_close_wy": 3, 
            "use_autocontrast": true, 
            "autocontrast_satur_black": 0.02, 
            "autocontrast_satur_white": 0.05, 
            "use_angle_detector": true, 
            "use_saturation": false, 
            "deskewer": ":/mixangler/common_deskewer.json", 
            "threshold_additional": 0.1
        }, 
        "settings": {
            "max_v_size": 40, 
            "min_v_size": 10, 
            "min_h_size": 80, 
            "min_h_gap": 20, 
            "step_x": 10, 
            "step_y": 10
        }, 
        "layout": [
            {}, 
            {
                "objects": [
                    {
                        "name": "authority"
                    }
                ]
            }, 
            {}, 
            {
                "objects": [
                    {
                        "name": "issue_date"
                    }
                ]
            }, 
            {}, 
            {
                "objects": [
                    {
                        "name": "expiry_date"
                    }
                ]
            }, 
            {
                "is_optional": true
            }
        ]
    }
}