
{
  "type": "multisequence",
  "settings": {
    "postprocessors": [
        {
          "type": "trigram",
          "settings": {
            "postptocessing_weight" : 0.4,
            "max_input_confidence": 0.97,
            "dictionary_path" : ":/docs/card/dictionaries/names.pb"
          }
        },
        {
          "type": "levdict",
          "settings": {
            "dictionary": {
              "type": "file",
              "data": ":/docs/card/dictionaries/name.dict"
            },
            "max_input_confidence": 0.9,
            "max_input_dict_weight": 0,
            "min_change_dict_weight": 1,
            "max_levenshtein_penalty": 0.5,
            "insertion_base_penalty": 9999.0,
            "insertion_streak_penalty": 9999.0,
            "deletion_base_penalty": 9999.0,
            "deletion_streak_penalty": 9999.0,
            "substitution_weight": 0.5,
            "max_states_count": 2000
          }
        } 
    ]
  }
}