{
  "type": "pattern",
  "settings": {
    "field_name": "number",
    "side_spaces": 0,
    "patterns": {
      "number_dinersclub": {
        "value": "3### ###### ####",
        "weight": 0.9
      },
      "number_amex": {
        "value": "3### ###### #####",
        "weight": 1.0
      },
      "number_standard": {
        "value": "!### #### #### ####",
        "weight": 1.0
      },
      "number_maestro": {
        "value": "6####### ##########",
        "weight": 1.0
      }
    }
  }
}