{
  "type": "smartid_bundle",
  "engines": {
    "barcode": {
      "doctypes": [ "barcode" ], 
      "options": { }, 
      "path": "barcode.json"
    },    
    "card": {
      "type": "smartid_engine",
      "path": "cardreader.json",
      "options": {
      },
      "doctypes": [
        "card.embossed", "card.indent"
      ]
    },
    "document_crop": {
      "doctypes": ["crop"], 
      "options": { }, 
      "path": "document_crop.json"
    },     
    "mrz": {
      "type": "smartid_engine",
      "path": "mrz_mobile.json",
      "options": {
      },
      "doctypes": [
        "mrz.mrp",
        "mrz.td1",
        "mrz.td2",
        "mrz.mrva",
        "mrz.mrvb",
        "mrz.rus.visa",
        "mrz.fra.id",
        "mrz.rus.passport",
        "mrz.che.drvlic",
        "mrz.bgr.vrd"
      ]
    },
    "rus.2p": {
      "lazy_config": true,
      "doctypes": ["rus.2p.type1"], 
      "options": { }, 
      "path": "rus.2p.json"
    },
    "rus.passport": {
      "type": "smartid_engine",
      "path": "rus.passport.national_mobile.json",
      "options": {
        "extractPhoto": "true",
        "extractSignature": "true",
        "extractTemplateImages": "false",
        "extractFieldImages": "false",
        "extractFieldImagesUsingTemplate": "false"
        },
      "doctypes": [
        "rus.passport.national"
      ]
    },
    "rus.passport.registration": {
      "lazy_config": true,
      "doctypes": [ "rus.passport.registration" ],
      "options": { },
      "path": "rus.passport.registration.json"
    },
    "rus.passport.previous": {
      "lazy_config": true,
      "doctypes": [ "rus.passport.previous" ],
      "options": { },
      "path": "rus.passport.previous.json"
    },
    "rus.drvlic": {
      "options": {
        "extractFieldImages": "false",
        "extractPhoto": "true",
        "extractTemplateImages": "false"
      },
      "doctypes": [
        "rus.drvlic.type1",
        "rus.drvlic.type2",
        "rus.drvlic.type3"
      ],
      "type": "smartid_engine",
      "path": "rus.drvlic.json"
    },
    "rus.sts": {
      "options": {
        "extractFieldImages": "false",
        "extractPhoto": "true",
        "extractTemplateImages": "false"
      },
      "doctypes": [
        "rus.sts.new",
        "rus.sts.old"
      ],
      "type": "smartid_engine",
      "path": "stsrecog.json"
    },
    "rus.snils": {
      "options": {
        "extractFieldImages": "false",
        "extractPhoto": "true",
        "extractTemplateImages": "false"
      },
      "doctypes": [
        "rus.snils.type1",
        "rus.snils.type2"
      ],
      "type": "smartid_engine",
      "path": "snils.json"
    },
    "rus.birth_certificate": {
      "options": {
        "extractFieldImages": "false",
        "extractPhoto": "false",
        "extractTemplateImages": "false"
      },
      "doctypes": [
        "rus.birth_certificate.type1"
      ],
      "type": "smartid_engine",
      "path": "rus.birth_certificate.json"
    },
    "rus.passport.international": {
      "lazy_config": true,
      "doctypes": [ "rus.passport.biometric", "rus.passport.international" ],
      "options": { },
      "path": "rus.passport.international.json"
    },    
    "rus.visa": {
      "lazy_config": true,
      "doctypes": [ "rus.visa.type1" ],      
      "options": { },
      "path": "rus.visa.json"
    },
    "rus.inn": {
      "lazy_config": true,
      "doctypes": ["rus.inn.entity.type1", "rus.inn.entity.type2",
                   "rus.inn.citizen.type1", "rus.inn.citizen.type2",
                   "rus.inn.citizen.type3", "rus.inn.citizen.type4"],      
      "options": { },
      "path": "rus.inn.json"
    },
    "rus.id": {
      "lazy_config": true,
      "doctypes": [
        "rus.id.police.type1",        
        "rus.id.lawyer.type1",
        "rus.id.military.type1", 
        "rus.id.military.type2",
        "rus.id.military.type3",        
        "rus.id.military.type4",
        "rus.id.military.type5",
        "rus.id.soldier.type1",
        "rus.id.prosecutor.type1",
        "rus.id.prosecutor.type2"
      ],
      "options": { },
      "path": "rus.id.json"
    },
    "rus.marriage_certificate": {
      "lazy_config": true,
      "doctypes": ["rus.marriage_certificate.type1"], 
      "options": { }, 
      "path": "rus.marriage_certificate.json"
    },
    "rus.death_certificate": {
      "lazy_config": true,
      "doctypes": ["rus.death_certificate.type1"], 
      "options": { }, 
      "path": "rus.death_certificate.json"
    },
    "rus.divorce_certificate": {
      "lazy_config": true,
      "doctypes": ["rus.divorce_certificate.type1"], 
      "options": { }, 
      "path": "rus.divorce_certificate.json"
    },
    "rus.oms": {
      "lazy_config": true,
      "doctypes": [
        "rus.oms.type1",
        "rus.oms.type2",
        "rus.oms.type3",
        "rus.oms.type4"
      ], 
      "options": { }, 
      "path": "rus.oms.json"
    },
    "rus.migration_card": {
      "lazy_config": true,
      "doctypes": ["rus.migration_card.type1"], 
      "options": { }, 
      "path": "rus.migration_card.json"
    },
    "rus.work_permit": {
      "doctypes": ["rus.work_permit.type1"], 
      "options": { }, 
      "path": "rus.work_permit.json"
    },
    "rus.pts": {
      "lazy_config": true,
      "doctypes": ["rus.pts.type1"], 
      "options": { }, 
      "path": "rus.pts.json"
    },
    "rus.residence": {
      "lazy_config": true,
      "doctypes": ["rus.residence.type1", "rus.residence.type2"], 
      "options": { }, 
      "path": "rus.residence.json"
    }    
  },
  "common_options": {
    "sessionTimeout": "5.0"
  }
}