{
    "type": "dynamic", 
    "settings": {
        "processing": {
            "use_blink_removing": false, 
            "blink_removing_percent": 0.1, 
            "use_background_closing": true, 
            "background_closing_wx": 8, 
            "background_closing_wy": 4, 
            "use_morphology_open": true, 
            "morphology_open_wx": 21, 
            "morphology_open_wy": 0, 
            "use_morphology_close": true, 
            "morphology_close_wx": 0, 
            "morphology_close_wy": 6, 
            "use_autocontrast": true, 
            "autocontrast_satur_black": 0.02, 
            "autocontrast_satur_white": 0.05, 
            "use_angle_detector": true, 
            "use_saturation": false, 
            "deskewer": ":/mixangler/common_deskewer.json"
        }, 
        "layout": [
            {
                "delta_height": 60, 
                "line_type": "gap", 
                "height": 70
            }, 
            {
                "line_type": "text",
                "height": 50,
                "delta_height": 18, 
                "fields": [
                    {
                        "field_type": "gap", 
                        "delta_width": 550, 
                        "width": 700
                    }, 
                    {
                        "field_type": "text", 
                        "cost": 1, 
                        "field_name": "surname", 
                        "is_optional": false,
                        "delta_width": 550, 
                        "width": 650
                    }, 
                    {
                        "field_type": "gap", 
                        "delta_width": 750, 
                        "width": 900
                    }
                ]
            },
            {
                "delta_height": 25, 
                "line_type": "gap", 
                "height": 45
            }, 
            {
                "line_type": "text",
                "height": 50,
                "delta_height": 18, 
                "fields": [
                    {
                        "field_type": "gap", 
                        "delta_width": 700, 
                        "width": 700
                    }, 
                    {
                        "field_type": "text", 
                        "cost": 1, 
                        "field_name": "name_and_patronymic", 
                        "is_optional": false,
                        "delta_width": 1150, 
                        "width": 1350
                    }, 
                    {
                        "field_type": "gap", 
                        "delta_width": 650, 
                        "width": 700
                    }
                ]
            },
            {
                "delta_height": 25, 
                "line_type": "gap", 
                "height": 45
            },
            {
                "line_type": "text",
                "height": 50,
                "delta_height": 18,  
                "fields": [
                    {
                        "field_type": "gap", 
                        "delta_width": 580, 
                        "width": 700
                    }, 
                    {
                        "field_type": "text", 
                        "cost": 1, 
                        "field_name": "birth_date", 
                        "is_optional": false,
                        "delta_width": 750, 
                        "width": 900
                    }, 
                    {
                        "field_type": "gap", 
                        "delta_width": 500, 
                        "width": 700
                    }
                ]
            },
            {
                "delta_height": 70, 
                "line_type": "gap", 
                "height": 70
            },
            {
                "line_type": "text",
                "height": 50,
                "delta_height": 50, 
                "fields": [
                    {
                        "field_type": "gap", 
                        "delta_width": 580, 
                        "width": 700
                    }, 
                    {
                        "field_type": "text", 
                        "cost": 0.6, 
                        "field_name": "", 
                        "is_optional": true,
                        "delta_width": 500, 
                        "width": 1000
                    }, 
                    {
                        "field_type": "gap", 
                        "delta_width": 500, 
                        "width": 700
                    }
                ]
            },
            {
                "delta_height": 110, 
                "line_type": "gap", 
                "height": 130
            }
        ], 
        "settings": {
            "grid_step_y": 1, 
            "grid_step_x": 1, 
            "gap_right": 24,
            "gap_left": 24,
            "gap_bot": 5,
            "gap_top": 11,
            "score_type": "otsu",
            "rejection_threshold": 100,

            "default_gap_dp_cost": 0.0,
            "default_gap_otsu_cost": 0.7,

            "local_otsu_window_wing": -1
        }
    }
}