{
    "type": "common", 
    "settings": {
        "processing": {
            "use_blink_removing": false, 
            "blink_removing_percent": 0.1, 
            "use_background_closing": true, 
            "background_closing_wx": 8, 
            "background_closing_wy": 6, 
            "use_morphology_open": true, 
            "morphology_open_wx": 11, 
            "morphology_open_wy": 3, 
            "use_morphology_close": true, 
            "morphology_close_wx": 3, 
            "morphology_close_wy": 2, 
            "use_autocontrast": true, 
            "autocontrast_satur_black": 0.02, 
            "autocontrast_satur_white": 0.05, 
            "use_angle_detector": true, 
            "use_saturation": false, 
            "deskewer": ":/mixangler/common_deskewer.json", 
            "use_rgb_channel": 2
        }, 
        "settings": {
            "max_v_size": 50, 
            "min_v_size": 15, 
            "min_h_size": 15, 
            "min_h_gap": 35, 
            "step_x": 25, 
            "step_y": 20
        }, 
        "layout": [
            {
                "objects": [
                    {
                        "name": "issue_day"
                    }, 
                    {
                        "name": "issue_month"
                    }, 
                    {
                        "name": "issue_year"
                    }
                ]
            }, 
            {
                "is_optional": true
            }
        ]
    }
}