{
  "mrz": {
    "expected_templates": [
      "mrz:common"
    ], 
    "output_fields": {
      "mrz.bgr.vrd": [
        "doc_type_code_mrz", 
        "birth_date_mrz", 
        "expiry_date_mrz", 
        "issue_date_mrz", 
        "number_mrz", 
        "first_name_mrz", 
        "issuer_mrz", 
        "nationality_mrz", 
        "opt_data_1_mrz", 
        "opt_data_2_mrz", 
        "proprietor_mrz", 
        "last_name_mrz", 
        "vehicle_number_mrz", 
        "mrz_line1", 
        "mrz_line2", 
        "mrz_line3", 
        "full_mrz", 
        "gender_mrz", 
        "vin_mrz"
      ], 
      "mrz.che.drvlic": [
        "doc_type_code_mrz", 
        "birth_date_mrz", 
        "number_mrz", 
        "first_name_mrz", 
        "issuer_mrz", 
        "nationality_mrz", 
        "opt_data_1_mrz", 
        "opt_data_2_mrz", 
        "last_name_mrz", 
        "vehicle_number_mrz", 
        "mrz_line1", 
        "mrz_line2", 
        "mrz_line3", 
        "full_mrz", 
        "gender_mrz"
      ], 
      "mrz.fra.id": [
        "doc_type_code_mrz", 
        "birth_date_mrz", 
        "expiry_date_mrz", 
        "issue_date_mrz", 
        "number_mrz", 
        "name_mrz", 
        "issuer_mrz", 
        "opt_data_1_mrz", 
        "last_name_mrz", 
        "mrz_line1", 
        "mrz_line2", 
        "full_mrz", 
        "gender_mrz"
      ], 
      "mrz.mrp": [
        "doc_type_code_mrz", 
        "birth_date_mrz", 
        "expiry_date_mrz", 
        "number_mrz", 
        "first_name_mrz", 
        "issuer_mrz", 
        "nationality_mrz", 
        "opt_data_2_mrz", 
        "last_name_mrz", 
        "mrz_line1", 
        "mrz_line2", 
        "full_mrz", 
        "gender_mrz"
      ], 
      "mrz.mrva": [
        "doc_type_code_mrz", 
        "birth_date_mrz", 
        "expiry_date_mrz", 
        "number_mrz", 
        "first_name_mrz", 
        "issuer_mrz", 
        "nationality_mrz", 
        "opt_data_2_mrz", 
        "last_name_mrz", 
        "mrz_line1", 
        "mrz_line2", 
        "full_mrz", 
        "gender_mrz"
      ], 
      "mrz.mrvb": [
        "doc_type_code_mrz", 
        "birth_date_mrz", 
        "expiry_date_mrz", 
        "number_mrz", 
        "first_name_mrz", 
        "issuer_mrz", 
        "nationality_mrz", 
        "opt_data_2_mrz", 
        "last_name_mrz", 
        "mrz_line1", 
        "mrz_line2", 
        "full_mrz", 
        "gender_mrz"
      ], 
      "mrz.rus.passport": [
        "doc_type_code_mrz", 
        "birth_date_mrz", 
        "issue_date_mrz", 
        "authority_code_mrz", 
        "number_mrz", 
        "first_name_mrz", 
        "issuer_mrz", 
        "nationality_mrz", 
        "opt_data_2_mrz", 
        "last_name_mrz", 
        "mrz_line1", 
        "mrz_line2", 
        "full_mrz", 
        "gender_mrz"
      ], 
      "mrz.rus.visa": [
        "doc_type_code_mrz", 
        "birth_date_mrz", 
        "expiry_date_mrz", 
        "issue_date_mrz", 
        "number_mrz", 
        "first_name_mrz", 
        "id_number_mrz", 
        "id_visa_mrz", 
        "invitation_number_mrz", 
        "issuer_mrz", 
        "nationality_mrz", 
        "opt_data_1_mrz", 
        "opt_data_2_mrz", 
        "last_name_mrz", 
        "mrz_line1", 
        "mrz_line2", 
        "full_mrz", 
        "gender_mrz"
      ], 
      "mrz.td1": [
        "doc_type_code_mrz", 
        "birth_date_mrz", 
        "expiry_date_mrz", 
        "number_mrz", 
        "first_name_mrz", 
        "issuer_mrz", 
        "nationality_mrz", 
        "opt_data_1_mrz", 
        "opt_data_2_mrz", 
        "last_name_mrz", 
        "mrz_line1", 
        "mrz_line2", 
        "mrz_line3", 
        "full_mrz", 
        "gender_mrz"
      ], 
      "mrz.td2": [
        "doc_type_code_mrz", 
        "birth_date_mrz", 
        "expiry_date_mrz", 
        "number_mrz", 
        "first_name_mrz", 
        "issuer_mrz", 
        "nationality_mrz", 
        "opt_data_2_mrz", 
        "last_name_mrz", 
        "mrz_line1", 
        "mrz_line2", 
        "full_mrz", 
        "gender_mrz"
      ]
    }, 
    "postprocessors": [
      ":/postprocessor/mrz/mrz_postprocessor_slot.json", 
      ":/postprocessor/mrz/mrz_renaming_slot.json"
    ], 
    "rejectors": {
      "__default__": ":/rejector/default_loyal_rejector.json"
    }, 
    "templates": {
      "mrz:common": {
        "path": "tpl__mrz_mobile.common.json"
      }
    }
  }
}