{
  "mrz:common": {
    "config": "templates/mrz.common.json", 
    "expected_fields": ["full_mrz"], 
    "fields": {
      "mrz2_line1": {"workflow": {"type": "dummy"}}, 
      "mrz2_line2": {"workflow": {"type": "dummy"}}, 
      "mrz3_line1": {"workflow": {"type": "dummy"}}, 
      "mrz3_line2": {"workflow": {"type": "dummy"}}, 
      "mrz3_line3": {"workflow": {"type": "dummy"}}, 
      "rotated_mrz2_line1": {"workflow": {"type": "dummy"}}, 
      "rotated_mrz2_line2": {"workflow": {"type": "dummy"}}, 
      "rotated_mrz3_line1": {"workflow": {"type": "dummy"}}, 
      "rotated_mrz3_line2": {"workflow": {"type": "dummy"}}, 
      "rotated_mrz3_line3": {"workflow": {"type": "dummy"}}
    }, 
    "formatters": [":/postprocessor/mrz/mrz_formatter_slot.json"], 
    "image_integrators": {"__default__": ":/integrator/default_image_integrator.json"}, 
    "integrators": {
      "__default__": ":/integrator/default_rover_integrator.json", 
      "full_mrz": ":/integrator/default_mrz_integrator.json"
    }, 
    "zones": {
      "mrz_2_lines": {
        "relative_rect": [0, 0.166666666, 1, 0.666666666], 
        "size_override": [1200, 200], 
        "workflow": {
          "settings": {
            "engine_settings_path": ":/mrz-data/mrzapi_engine.json", 
            "supported_document_types": [
              "mrz.mrp", 
              "mrz.td2", 
              "mrz.mrva", 
              "mrz.mrvb", 
              "mrz.rus.visa", 
              "mrz.rus.passport", 
              "mrz.fra.id"
            ]
          }, 
          "type": "mrz"
        }
      }, 
      "mrz_3_lines": {
        "relative_rect": [0, 0, 1, 1], 
        "size_override": [800, 200], 
        "workflow": {
          "settings": {
            "engine_settings_path": ":/mrz-data/mrzapi_engine.json", 
            "supported_document_types": ["mrz.td1", "mrz.che.drvlic", "mrz.bgr.vrd"]
          }, 
          "type": "mrz"
        }
      }
    }
  }
}