{
  "rus.2p.type1:front": {
    "config": "templates/rus.2p.type1.front.common.json", 
    "expected_fields": [
      "photo"
     ], 
    "fields": {
      "photo": {"workflow": {"settings": {}, "type": "image"}}
    }, 
    "formatters": [], 
    "image_integrators": {"__default__": ":/integrator/default_image_integrator.json"}, 
    "integrators": {
      "__default__": ":/integrator/default_rover_integrator.json"
    }, 
    "size": [1250, 1760], 
    "zones": {
      "photo": {
        "rect": [51, 145, 401, 510],
        "workflow": {
          "settings": {"photo_detector": ":/photo_retriever/photo_detector.json"}, 
          "type": "photo_retriever"
        }
      }
    }
  }
}