{
  "rus.birth_certificate.type1": {
    "(documentation)": {
      "description": "Russian Birth Certificate (Russian emblem on the top, main page)", 
      "name": "Russian Birth Certificate"
    },
    "expected_templates": ["rus.birth_certificate.type1:front"], 
    "output_fields": [
      "full_number", 
      "surname", 
      "name", 
      "series", 
      "gender_predicted", 
      "issue_day", 
      "number", 
      "issue_month", 
      "birth_date", 
      "birth_date_full", 
      "birth_place", 
      "issue_date", 
      "name_and_patronymic", 
      "patronymic", 
      "issue_year"
    ], 
    "postprocessors": [
      {
        "input_fields": ["name_and_patronymic"], 
        "output_fields": ["name", "patronymic"], 
        "postprocessor": "postprocessors/name_and_patronymic_separator.json"
      }, 
      {
        "input_fields": ["name"], 
        "output_fields": ["name"], 
        "postprocessor": "postprocessors/name_postprocessor.json"
      }, 
      {
        "input_fields": ["patronymic"], 
        "output_fields": ["patronymic"], 
        "postprocessor": "postprocessors/patronymic_postprocessor.json"
      }, 
      {
        "input_fields": ["surname"], 
        "output_fields": ["surname"], 
        "postprocessor": "postprocessors/surname_postprocessor.json"
      }, 
      {
        "input_fields": ["patronymic", "surname"], 
        "output_fields": ["gender_predicted"], 
        "postprocessor": "postprocessors/name_and_patronymic_gender_predictor_postprocessor.json"
      }, 
      {
        "input_fields": ["series"], 
        "postprocessor": "postprocessors/prefix_postprocessor.json"
      }, 
      {
        "input_fields": ["number"], 
        "postprocessor": "postprocessors/number_postprocessor.json"
      }, 
      {
        "input_fields": ["number", "series"], 
        "output_fields": ["number", "series", "full_number"], 
        "postprocessor": "postprocessors/full_number_postprocessor.json"
      }, 
      {
        "input_fields": ["issue_day", "issue_month", "issue_year"], 
        "output_fields": ["issue_day", "issue_month", "issue_year", "issue_date"], 
        "postprocessor": "postprocessors/issue_date_postprocessor.json"
      }, 
      {
        "input_fields": ["birth_date"], 
        "postprocessor": ":/postprocessor/date/default_birth_date_DDMMYYYY_postprocessor.json"
      }
    ], 
    "rejectors": {"__default__": ":/rejector/default_loyal_rejector.json"}, 
    "templates": {
      "rus.birth_certificate.type1:front": {
        "path": "tpl__rus.birth_certificate.type1.front_certificate.type1.json"
      }
    }
  }
}
