{
  "rus.birth_certificate.type1:front": {
    "config": "templates/rus.birth_certificate.type1.front.common.json", 
    "expected_fields": [
      "surname", 
      "issue_year", 
      "series", 
      "issue_day", 
      "issue_month", 
      "number", 
      "birth_place", 
      "name_and_patronymic", 
      "birth_date", 
      "birth_date_full"
    ], 
    "fields": {
      "birth_date": {
        "scale": 1.2, 
        "workflow": {
          "settings": {
            "deshearer": "mixangler/common.json", 
            "recstr": ":/recstr/rus.birth_certificate__birth_date_recstr.json"
          }, 
          "type": "common"
        }
      }, 
      "birth_date_line1": {
        "scale": 1.8, 
        "workflow": {
          "settings": {
            "deshearer": "mixangler/common.json", 
            "recstr": ":/recstr/rus.birth_certificate__text_recstr.json"
          }, 
          "type": "common"
        }
      }, 
      "birth_date_line2": {
        "scale": 1.8, 
        "workflow": {
          "settings": {
            "deshearer": "mixangler/common.json", 
            "recstr": ":/recstr/rus.birth_certificate__text_recstr.json"
          }, 
          "type": "common"
        }
      }, 
      "birth_place_line1": {
        "scale": 1.8, 
        "workflow": {
          "settings": {
            "deshearer": "mixangler/common.json", 
            "recstr": ":/recstr/rus.birth_certificate__bplace_recstr.json"
          }, 
          "type": "common"
        }
      }, 
      "birth_place_line2": {
        "scale": 1.8, 
        "workflow": {
          "settings": {
            "deshearer": "mixangler/common.json", 
            "recstr": ":/recstr/rus.birth_certificate__bplace_recstr.json"
          }, 
          "type": "common"
        }
      }, 
      "birth_place_line3": {
        "scale": 1.8, 
        "workflow": {
          "settings": {
            "deshearer": "mixangler/common.json", 
            "recstr": ":/recstr/rus.birth_certificate__bplace_recstr.json"
          }, 
          "type": "common"
        }
      }, 
      "issue_day": {
        "scale": 1.4, 
        "workflow": {
          "settings": {
            "deshearer": ":/mixangler/dummy_deshearer.json", 
            "recstr": ":/recstr/rus.birth_certificate__digits_recstr.json"
          }, 
          "type": "common"
        }
      }, 
      "issue_month": {
        "scale": 1.8, 
        "workflow": {
          "settings": {
            "deshearer": "mixangler/common.json", 
            "recstr": ":/recstr/rus.birth_certificate__symbols_recstr.json"
          }, 
          "type": "common"
        }
      }, 
      "issue_year": {
        "scale": 1.4, 
        "workflow": {
          "settings": {
            "deshearer": ":/mixangler/dummy_deshearer.json", 
            "recstr": ":/recstr/rus.birth_certificate__digits_recstr.json"
          }, 
          "type": "common"
        }
      }, 
      "name_and_patronymic": {
        "scale": 1.8, 
        "workflow": {
          "settings": {
            "deshearer": "mixangler/common.json", 
            "recstr": ":/recstr/rus.birth_certificate__name_patron_recstr.json"
          }, 
          "type": "common"
        }
      }, 
      "number": {
        "scale": 1.4, 
        "workflow": {
          "settings": {
            "deshearer": ":/mixangler/dummy_deshearer.json", 
            "recstr": ":/recstr/rus.birth_certificate__number_recstr.json"
          }, 
          "type": "common"
        }
      }, 
      "series": {
        "scale": 1.4, 
        "workflow": {
          "settings": {
            "deshearer": ":/mixangler/dummy_deshearer.json", 
            "recstr": ":/recstr/rus.birth_certificate__prefix_recstr.json"
          }, 
          "type": "common"
        }
      }, 
      "surname": {
        "scale": 1.8, 
        "workflow": {
          "settings": {
            "deshearer": "mixangler/common.json", 
            "recstr": ":/recstr/rus.birth_certificate__surname_recstr.json"
          }, 
          "type": "common"
        }
      }
    }, 
    "formatters": [
      {
        "formatter": ":/postprocessor/punctuation_filter.json", 
        "input_fields": ["issue_day"]
      }, 
      {
        "formatter": ":/postprocessor/punctuation_filter.json", 
        "input_fields": ["issue_month"]
      }, 
      {
        "formatter": ":/postprocessor/punctuation_filter.json", 
        "input_fields": ["issue_year"]
      }, 
      {"formatter": ":/postprocessor/spaces_filter.json", "input_fields": ["series"]}, 
      {
        "formatter": ":/postprocessor/punctuation_filter.json", 
        "input_fields": ["number"]
      }, 
      {
        "formatter": ":/postprocessor/dummy_postprocessor.json", 
        "input_fields": ["surname"]
      }, 
      {
        "formatter": ":/postprocessor/dummy_postprocessor.json", 
        "input_fields": ["name_and_patronymic"]
      }, 
      {
        "formatter": ":/postprocessor/date/default_birth_date_DDMMYYYY_formatter.json", 
        "input_fields": ["birth_date"]
      }, 
      {
        "allow_incomplete_inputs": true, 
        "formatter": {
          "settings": {
            "input_fields_sequence": ["birth_date_line1", "birth_date_line2"], 
            "output_field": "birth_date_full", 
            "separator": " "
          }, 
          "type": "merge"
        }, 
        "input_fields": ["birth_date_line1", "birth_date_line2"], 
        "output_fields": ["birth_date_full"]
      }, 
      {
        "allow_incomplete_inputs": true, 
        "formatter": {
          "settings": {
            "input_fields_sequence": [
              "birth_place_line1", 
              "birth_place_line2", 
              "birth_place_line3"
            ], 
            "output_field": "birth_place", 
            "separator": " "
          }, 
          "type": "merge"
        }, 
        "input_fields": ["birth_place_line1", "birth_place_line2", "birth_place_line3"], 
        "output_fields": ["birth_place"]
      }
    ], 
    "image_integrators": {"__default__": ":/integrator/default_image_integrator.json"}, 
    "integrators": {
      "__default__": ":/integrator/default_rover_integrator.json", 
      "birth_date": ":/integrator/default_token_integrator.json", 
      "issue_day": ":/integrator/default_token_integrator.json", 
      "issue_year": ":/integrator/default_token_integrator.json", 
      "number": ":/integrator/default_token_integrator.json", 
      "series": ":/integrator/default_token_integrator.json"
    }, 
    "size": [1600, 2220], 
    "zones": {
      "birth_date_zone": {
        "rect": [300, 700, 1120, 130], 
        "workflow": {
          "settings": {"vertsgm": "vertsgm/birth_date_zone.json"}, 
          "type": "common"
        }
      }, 
      "birth_place_zone": {
        "rect": [300, 810, 1120, 170], 
        "workflow": {
          "settings": {"vertsgm": "vertsgm/birth_place_zone.json"}, 
          "type": "common"
        }
      }, 
      "fio_zone": {
        "rect": [300, 500, 1120, 220], 
        "workflow": {"settings": {"vertsgm": "vertsgm/fio_zone_with_dp.json"}, "type": "common"}
      }, 
      "issue_date_zone": {
        "rect": [600, 1720, 860, 120], 
        "workflow": {
          "settings": {"vertsgm": "vertsgm/issue_date_zone.json"}, 
          "type": "common"
        }
      }, 
      "number_zone": {
        "rect": [600, 1970, 400, 100], 
        "workflow": {
          "settings": {"vertsgm": "vertsgm/number_zone.json"}, 
          "type": "common"
        }
      }
    }
  }
}