{
  "settings": {
    "levdict_name": {
      "settings": {
        "deletion_base_penalty": 0.7, 
        "deletion_streak_penalty": 0.7, 
        "dictionary": {
          "data": ":/postprocessor/dict/pfr/levdict_name_short.dict", 
          "type": "file"
        }, 
        "insertion_base_penalty": 1.0, 
        "insertion_streak_penalty": 1.0, 
        "max_levenshtein_penalty": 10, 
        "max_states_count": 4000, 
        "min_change_dict_weight": 30
      }
    }, 
    "levdict_patronymic": {
      "settings": {
        "deletion_base_penalty": 0.7, 
        "deletion_streak_penalty": 0.7, 
        "dictionary": {
          "data": ":/postprocessor/dict/pfr/levdict_reverse_patronymic_short.dict", 
          "type": "file"
        }, 
        "insertion_base_penalty": 1.0, 
        "insertion_streak_penalty": 1.0, 
        "max_levenshtein_penalty": 10, 
        "max_states_count": 4000, 
        "min_change_dict_weight": 30
      }
    }, 
    "max_penalty": 10, 
    "output_sequence": ["name_partner2", "patronymic_partner2"]
  }, 
  "type": "name_patronymic_separator"
}