{
    "type": "common", 
    "settings": {
        "processing": {
            "use_blink_removing": false, 
            "blink_removing_percent": 0.1, 
            "use_background_closing": true, 
            "background_closing_wx": 5, 
            "background_closing_wy": 5, 
            "use_morphology_open": true, 
            "morphology_open_wx": 4, 
            "morphology_open_wy": 2, 
            "use_morphology_close": true, 
            "morphology_close_wx": 3, 
            "morphology_close_wy": 3, 
            "use_autocontrast": true, 
            "autocontrast_satur_black": 0.02, 
            "autocontrast_satur_white": 0.05, 
            "use_angle_detector": true, 
            "use_saturation": false, 
            "deskewer": ":/mixangler/common_deskewer.json", 
            "use_rgb_channel": 2
        }, 
        "settings": {
            "max_v_size": 30, 
            "min_v_size": 13, 
            "min_h_size": 20, 
            "min_h_gap": 5, 
            "step_x": 13, 
            "step_y": 10
        }, 
        "layout": [
            {
                "is_optional": true
            }, 
            {
                "objects": [
                    {
                        "is_optional": true
                    }, 
                    {
                        "name": "expiry_day"
                    }, 
                    {
                        "name": "expiry_month"
                    }, 
                    {
                        "name": "expiry_year"
                    }
                ]
            }
        ]
    }
}