{
    "type": "common", 
    "settings": {
        "processing": {
            "use_blink_removing": false, 
            "blink_removing_percent": 0.1, 
            "use_background_closing": false, 
            "background_closing_wx": 5, 
            "background_closing_wy": 5, 
            "use_morphology_open": true, 
            "morphology_open_wx": 15, 
            "morphology_open_wy": 2, 
            "use_morphology_close": true, 
            "morphology_close_wx": 3, 
            "morphology_close_wy": 3, 
            "use_autocontrast": true, 
            "autocontrast_satur_black": 0.02, 
            "autocontrast_satur_white": 0.05, 
            "use_angle_detector": true, 
            "use_saturation": false, 
            "deskewer": ":/mixangler/common_deskewer.json", 
            "use_rgb_channel": 0, 
            "threshold_additional": -0.3
        }, 
        "settings": {
            "max_v_size": 35, 
            "min_v_size": 13, 
            "min_h_size": 30, 
            "min_h_gap": 20, 
            "step_x": 20, 
            "step_y": 15
        }, 
        "layout": [
            {
                "objects": [
                    {
                        "is_optional": true
                    }, 
                    {
                        "name": "post_line1"
                    }
                ]
            }, 
            {
                "is_optional": true, 
                "objects": [
                    {
                        "name": "post_line2"
                    }
                ]
            }
        ]
    }
}