{
    "type": "common", 
    "settings": {
        "processing": {
            "use_blink_removing": false, 
            "blink_removing_percent": 0.1, 
            "use_background_closing": false, 
            "background_closing_wx": 4, 
            "background_closing_wy": 4, 
            "use_morphology_open": true, 
            "morphology_open_wx": 8, 
            "morphology_open_wy": 1, 
            "use_morphology_close": true, 
            "morphology_close_wx": 3, 
            "morphology_close_wy": 4, 
            "use_autocontrast": true, 
            "autocontrast_satur_black": 0.02, 
            "autocontrast_satur_white": 0.50, 
            "use_angle_detector": true, 
            "use_saturation": false, 
            "deskewer": ":/mixangler/common_deskewer.json"
        }, 
        "settings": {
            "max_v_size": 30, 
            "min_v_size": 13, 
            "min_h_size": 3, 
            "min_h_gap": 3, 
            "step_x": 15, 
            "step_y": 7
        }, 
        "layout": [
            {
                "objects": [
                    {
                        "name": "series"
                    }, 
                    {},
                    {
                        "name": "number"
                    }
                ]
            }
        ]
    }
}