{
  "rus.drvlic.type2": {
    "expected_templates": ["rus.drvlic.type2:front"], 
    "output_fields": [
      "issue_date", 
      "photo", 
      "expiry_date", 
      "gender_predicted", 
      "patronymic", 
      "number", 
      "name", 
      "surname", 
      "birth_date", 
      "residence", 
      "birth_place"
    ], 
    "postprocessors": [
      {
        "input_fields": ["issue_date"], 
        "postprocessor": ":/postprocessor/date/default_issue_date_DDMMYYYY_postprocessor.json"
      }, 
      {
        "input_fields": ["birth_date"], 
        "postprocessor": ":/postprocessor/date/default_birth_date_DDMMYYYY_postprocessor.json"
      }, 
      {
        "input_fields": ["expiry_date"], 
        "postprocessor": ":/postprocessor/date/default_expiry_date_DDMMYYYY_postprocessor.json"
      }, 
      {
        "input_fields": ["number"], 
        "postprocessor": "postprocessors/type2_number_postprocessor.json"
      }, 
      {
        "input_fields": ["name", "patronymic", "surname"], 
        "output_fields": ["name", "patronymic", "gender_predicted", "surname"], 
        "postprocessor": "postprocessors/fio_gender_predictor_postprocessor.json"
      }, 
      {
        "input_fields": ["birth_place"], 
        "postprocessor": ":/postprocessor/alphabet/rus_letters_alphabet_postprocessor.json"
      }, 
      {
        "input_fields": ["residence"], 
        "postprocessor": ":/postprocessor/alphabet/rus_letters_alphabet_postprocessor.json"
      }
    ], 
    "rejectors": {"__default__": ":/rejector/default_neutral_rejector.json"}, 
    "templates": {"rus.drvlic.type2:front": {"path": "tpl__rus.drvlic.type2.front.json"}}
  }
}