{
  "rus.drvlic.type1": {
    "output_fields": [
      "issue_date", 
      "expiry_date", 
      "photo", 
      "gender_predicted", 
      "patronymic", 
      "number", 
      "number_back", 
      "name", 
      "birth_date", 
      "surname", 
      "name_and_patronymic", 
      "birth_place", 
      "authority", 
      "residence"
    ], 
    "postprocessors": [
      {
        "input_fields": ["issue_date"], 
        "postprocessor": ":/postprocessor/date/default_issue_date_DDMMYYYY_postprocessor.json"
      }, 
      {
        "input_fields": ["birth_date"], 
        "postprocessor": ":/postprocessor/date/default_birth_date_DDMMYYYY_postprocessor.json"
      }, 
      {
        "input_fields": ["expiry_date"], 
        "postprocessor": ":/postprocessor/date/default_expiry_date_DDMMYYYY_postprocessor.json"
      }, 
      {
        "input_fields": ["number"], 
        "postprocessor": "postprocessors/type1_number_alphabet_postprocessor.json"
      }, 
      {
        "input_fields": ["number_back"], 
        "postprocessor": "postprocessors/type1_number_alphabet_postprocessor.json"
      }, 
      {
        "allow_incomplete_inputs": true, 
        "input_fields": ["number", "number_back"], 
        "output_fields": ["number"], 
        "postprocessor": "postprocessors/number_postprocessor_integrator.json"
      }, 
      {
        "input_fields": ["number"], 
        "postprocessor": "postprocessors/type1_number_postprocessor.json"
      }, 
      {
        "input_fields": ["number_back"], 
        "postprocessor": "postprocessors/type1_number_postprocessor.json"
      }, 
      {
        "input_fields": ["name_and_patronymic"], 
        "output_fields": ["name", "patronymic"], 
        "postprocessor": "postprocessors/name_and_patronymic_separator.json"
      }, 
      {
        "input_fields": ["name_and_patronymic", "surname"], 
        "output_fields": [
          "name", 
          "patronymic", 
          "gender_predicted", 
          "name_and_patronymic", 
          "surname"
        ], 
        "postprocessor": "postprocessors/fio_gender_predictor_postprocessor_split.json"
      }, 
      {
        "input_fields": ["birth_place"], 
        "postprocessor": "postprocessors/rus_letters_alphabet_postprocessor.json"
      }, 
      {
        "input_fields": ["authority"], 
        "postprocessor": "postprocessors/digits_replacer.json"
      }, 
      {
        "input_fields": ["residence"], 
        "postprocessor": "postprocessors/rus_letters_alphabet_postprocessor.json"
      }
    ], 
    "rejectors": {"__default__": ":/rejector/default_neutral_rejector.json"}, 
    "templates": {
      "rus.drvlic.type1:back": {"path": "tpl__rus.drvlic.type1.back.json"}, 
      "rus.drvlic.type1:front": {"path": "tpl__rus.drvlic.type1.front.json"}
    }
  }
}