{
  "rus.drvlic.type3": {
    "output_fields": [
      "issue_date", 
      "photo", 
      "expiry_date", 
      "gender_predicted", 
      "patronymic", 
      "number", 
      "number_back", 
      "name", 
      "number2", 
      "number2_back", 
      "surname", 
      "birth_date", 
      "authority", 
      "birth_place", 
      "residence"
    ], 
    "postprocessors": [
      {
        "input_fields": ["issue_date"], 
        "postprocessor": ":/postprocessor/date/default_issue_date_DDMMYYYY_postprocessor.json"
      }, 
      {
        "input_fields": ["birth_date"], 
        "postprocessor": ":/postprocessor/date/default_birth_date_DDMMYYYY_postprocessor.json"
      }, 
      {
        "input_fields": ["expiry_date"], 
        "postprocessor": ":/postprocessor/date/default_expiry_date_DDMMYYYY_postprocessor.json"
      }, 
      {
        "input_fields": ["number"], 
        "postprocessor": "postprocessors/type3_number_alphabet_postprocessor.json"
      }, 
      {
        "input_fields": ["number2"], 
        "postprocessor": "postprocessors/type3_number_alphabet_postprocessor.json"
      }, 
      {
        "input_fields": ["number_back"], 
        "postprocessor": "postprocessors/type3_number_alphabet_postprocessor.json"
      }, 
      {
        "input_fields": ["number2_back"], 
        "postprocessor": "postprocessors/type3_number_alphabet_postprocessor.json"
      }, 
      {
        "allow_incomplete_inputs": true, 
        "input_fields": ["number", "number_back"], 
        "output_fields": ["number"], 
        "postprocessor": "postprocessors/number_postprocessor_integrator.json"
      }, 
      {
        "allow_incomplete_inputs": true, 
        "input_fields": ["number2", "number2_back"], 
        "output_fields": ["number2"], 
        "postprocessor": "postprocessors/number2_postprocessor_integrator.json"
      }, 
      {
        "allow_incomplete_inputs": true, 
        "input_fields": ["number", "number2"], 
        "output_fields": ["number"], 
        "postprocessor": "postprocessors/number_postprocessor_integrator.json"
      }, 
      {
        "input_fields": ["number"], 
        "postprocessor": "postprocessors/type2_number_postprocessor.json"
      }, 
      {
        "input_fields": ["number2"], 
        "postprocessor": "postprocessors/type2_number_postprocessor.json"
      }, 
      {
        "input_fields": ["number_back"], 
        "postprocessor": "postprocessors/type2_number_postprocessor.json"
      }, 
      {
        "input_fields": ["number2_back"], 
        "postprocessor": "postprocessors/type2_number_postprocessor.json"
      }, 
      {
        "input_fields": ["name", "patronymic", "surname"], 
        "output_fields": ["name", "patronymic", "gender_predicted", "surname"], 
        "postprocessor": "postprocessors/fio_gender_predictor_postprocessor.json"
      }, 
      {
        "input_fields": ["birth_place"], 
        "postprocessor": ":/postprocessor/alphabet/rus_letters_alphabet_postprocessor.json"
      }, 
      {
        "input_fields": ["authority"], 
        "postprocessor": ":/postprocessor/alphabet/rus_letters_alphabet_postprocessor.json"
      }, 
      {
        "input_fields": ["residence"], 
        "postprocessor": ":/postprocessor/alphabet/rus_letters_alphabet_postprocessor.json"
      }
    ], 
    "rejectors": {"__default__": ":/rejector/default_neutral_rejector.json"}, 
    "templates": {
      "rus.drvlic.type3:back": {"path": "tpl__rus.drvlic.type3.back.json"}, 
      "rus.drvlic.type3:front": {"path": "tpl__rus.drvlic.type3.front.json"}
    }
  }
}