{
  "rus.drvlic.type3:front": {
    "config": "templates/rus.drvlic.type3.front.common.json", 
    "expected_fields": [
      "issue_date", 
      "surname", 
      "name", 
      "authority", 
      "patronymic", 
      "expiry_date", 
      "birth_date"
    ], 
    "fields": {
      "authority": {"scale": 1.2, "workflow": "field_processors/authority_t3.json"}, 
      "birth_date": {"scale": 1.5, "workflow": "field_processors/date_t2_t3.json"}, 
      "birth_place": {
        "scale": 1.2, 
        "workflow": "field_processors/birth_place_residence_t2_t3.json"
      }, 
      "expiry_date": {"scale": 2.0, "workflow": "field_processors/date_t2_t3.json"}, 
      "issue_date": {"scale": 2.0, "workflow": "field_processors/date_t2_t3.json"}, 
      "name": {"scale": 1.2, "workflow": "field_processors/fio_t3.json"}, 
      "number": {"scale": 1.2, "workflow": "field_processors/authority_t1_number_t3.json"}, 
      "number2": {
        "scale": 1.0, 
        "workflow": "field_processors/authority_t1_number_t3.json"
      }, 
      "patronymic": {"scale": 1.2, "workflow": "field_processors/fio_t3.json"}, 
      "photo": {"workflow": {"settings": {}, "type": "image"}}, 
      "residence": {
        "scale": 1.2, 
        "workflow": "field_processors/birth_place_residence_t2_t3.json"
      }, 
      "surname": {"scale": 1.2, "workflow": "field_processors/fio_t3.json"}
    }, 
    "formatters": [
      {
        "formatter": ":/postprocessor/date/default_issue_date_DDMMYYYY_formatter.json", 
        "input_fields": ["issue_date"]
      }, 
      {
        "formatter": ":/postprocessor/date/default_expiry_date_DDMMYYYY_formatter.json", 
        "input_fields": ["expiry_date"]
      }, 
      {
        "formatter": ":/postprocessor/dummy_postprocessor.json", 
        "input_fields": ["surname"]
      }, 
      {
        "formatter": ":/postprocessor/dummy_postprocessor.json", 
        "input_fields": ["name"]
      }, 
      {
        "formatter": ":/postprocessor/dummy_postprocessor.json", 
        "input_fields": ["patronymic"]
      }, 
      {
        "formatter": ":/postprocessor/punctuation_filter.json", 
        "input_fields": ["number2"]
      }, 
      {
        "formatter": ":/postprocessor/punctuation_filter.json", 
        "input_fields": ["number"]
      }, 
      {
        "formatter": ":/postprocessor/date/default_birth_date_DDMMYYYY_formatter.json", 
        "input_fields": ["birth_date"]
      }, 
      {
        "formatter": ":/postprocessor/dummy_postprocessor.json", 
        "input_fields": ["authority"]
      }, 
      {
        "formatter": ":/postprocessor/dummy_postprocessor.json", 
        "input_fields": ["birth_place"]
      }, 
      {
        "formatter": ":/postprocessor/dummy_postprocessor.json", 
        "input_fields": ["residence"]
      }
    ], 
    "image_integrators": {"__default__": ":/integrator/default_image_integrator.json"}, 
    "integrators": {
      "__default__": ":/integrator/default_rover_integrator.json", 
      "birth_date": ":/integrator/default_token_integrator.json", 
      "expiry_date": ":/integrator/default_token_integrator.json", 
      "issue_date": ":/integrator/default_token_integrator.json", 
      "number": ":/integrator/default_token_integrator.json", 
      "number2": ":/integrator/default_token_integrator.json"
    }, 
    "size": [740, 1050], 
    "zones": {
      "name_zone": {
        "rects": [[140, 205, 585, 90], [220, 205, 510, 90]], 
        "workflow": {
          "settings": {"vertsgm": "vertsgm/drvlic_type3_zone6.json"}, 
          "type": "common"
        }
      }, 
      "patronymic_zone": {
        "rect": [210, 290, 510, 65], 
        "workflow": {
          "settings": {"vertsgm": "vertsgm/drvlic_type3_zone7.json"}, 
          "type": "common"
        }
      }, 
      "photo": {
        "rect": [350, 450, 370, 500], 
        "workflow": {
          "settings": {"photo_detector": ":/photo_retriever/photo_detector.json"}, 
          "type": "photo_retriever"
        }
      }, 
      "surname_zone": {
        "rect": [220, 125, 510, 85], 
        "workflow": {
          "settings": {"vertsgm": "vertsgm/drvlic_type3_zone1.json"}, 
          "type": "common"
        }
      }, 
      "zone2": {
        "rect": [430, 300, 310, 100], 
        "workflow": {
          "settings": {"vertsgm": "vertsgm/drvlic_type3_zone2.json"}, 
          "type": "common"
        }
      }, 
      "zone3": {
        "rect": [10, 630, 310, 270], 
        "workflow": {
          "settings": {
            "extract_field_images": true, 
            "img_processor": {
              "settings": {"satur_coef": 1.5, "suppress_r": false}, 
              "type": "satur_suppress"
            }, 
            "zone_processor": {
              "settings": {"vertsgm": "vertsgm/drvlic_type3_zone3.json"}, 
              "type": "common"
            }
          }, 
          "type": "with_preprocessing"
        }
      }, 
      "zone4": {
        "rects": [[100, 925, 500, 125], [100, 825, 500, 125]], 
        "workflow": {
          "settings": {
            "extract_field_images": true, 
            "img_processor": {
              "settings": {"satur_coef": 1.5, "suppress_r": false}, 
              "type": "satur_suppress"
            }, 
            "zone_processor": {
              "settings": {"vertsgm": "vertsgm/drvlic_type3_zone4.json"}, 
              "type": "common"
            }
          }, 
          "type": "with_preprocessing"
        }
      }, 
      "zone5": {
        "rect": [40, 370, 670, 140], 
        "workflow": {
          "settings": {"vertsgm": "vertsgm/drvlic_type3_zone5.json"}, 
          "type": "common"
        }
      }
    }
  }
}