{
  "rus.drvlic.type1:back": {
    "config": "templates/rus.drvlic.type1.back.common.json", 
    "expected_fields": ["number_back"], 
    "fields": {
      "number_back": {"scale": 2.0, "workflow": "field_processors/numser_t1.json"}
    }, 
    "formatters": [
      {
        "formatter": ":/postprocessor/punctuation_filter.json", 
        "input_fields": ["number_back"]
      }
    ], 
    "image_integrators": {"__default__": ":/integrator/default_image_integrator.json"}, 
    "integrators": {
      "__default__": ":/integrator/default_rover_integrator.json", 
      "number_back": ":/integrator/default_token_integrator.json"
    }, 
    "size": [856, 540], 
    "zones": {
      "number_zone": {
        "rect": [360, 470, 480, 65], 
        "workflow": {
          "settings": {"vertsgm": "vertsgm/drvlic_type1_back_zone1.json"}, 
          "type": "common"
        }
      }
    }
  }
}