{
  "rus.drvlic.type1:front": {
    "config": "templates/rus.drvlic.type1.front.common.json", 
    "expected_fields": [
      "issue_date", 
      "surname", 
      "number", 
      "authority", 
      "expiry_date", 
      "birth_place", 
      "name_and_patronymic", 
      "birth_date"
    ], 
    "fields": {
      "authority": {
        "scale": 2.0, 
        "workflow": "field_processors/authority_t1_number_t3.json"
      }, 
      "birth_date": {"scale": 2.0, "workflow": "field_processors/date_t1.json"}, 
      "birth_place": {
        "scale": 2.0, 
        "workflow": "field_processors/birth_place_residence_t1.json"
      }, 
      "expiry_date": {"scale": 2.0, "workflow": "field_processors/date_t1.json"}, 
      "issue_date": {"scale": 2.0, "workflow": "field_processors/date_t1.json"}, 
      "name_and_patronymic": {"scale": 2.0, "workflow": "field_processors/fio_t1.json"}, 
      "number": {"scale": 2.0, "workflow": "field_processors/numser_t1.json"}, 
      "photo": {"workflow": {"settings": {}, "type": "image"}}, 
      "residence": {
        "scale": 2.0, 
        "workflow": "field_processors/birth_place_residence_t1.json"
      }, 
      "surname": {"scale": 2.0, "workflow": "field_processors/surname_t1.json"}
    }, 
    "formatters": [
      {
        "formatter": ":/postprocessor/date/default_issue_date_DDMMYYYY_formatter.json", 
        "input_fields": ["issue_date"]
      }, 
      {
        "formatter": ":/postprocessor/date/default_expiry_date_DDMMYYYY_formatter.json", 
        "input_fields": ["expiry_date"]
      }, 
      {
        "formatter": ":/postprocessor/dummy_postprocessor.json", 
        "input_fields": ["surname"]
      }, 
      {
        "formatter": ":/postprocessor/punctuation_filter.json", 
        "input_fields": ["number"]
      }, 
      {
        "formatter": ":/postprocessor/dummy_postprocessor.json", 
        "input_fields": ["name_and_patronymic"]
      }, 
      {
        "formatter": ":/postprocessor/date/default_birth_date_DDMMYYYY_formatter.json", 
        "input_fields": ["birth_date"]
      }, 
      {
        "formatter": ":/postprocessor/dummy_postprocessor.json", 
        "input_fields": ["birth_place"]
      }, 
      {
        "formatter": "postprocessors/type1_authority_stripper.json", 
        "input_fields": ["authority"]
      }, 
      {
        "formatter": ":/postprocessor/dummy_postprocessor.json", 
        "input_fields": ["residence"]
      }
    ], 
    "image_integrators": {"__default__": ":/integrator/default_image_integrator.json"}, 
    "integrators": {
      "__default__": ":/integrator/default_rover_integrator.json", 
      "birth_date": ":/integrator/default_token_integrator.json", 
      "expiry_date": ":/integrator/default_token_integrator.json", 
      "issue_date": ":/integrator/default_token_integrator.json", 
      "number": ":/integrator/default_token_integrator.json"
    }, 
    "size": [856, 540], 
    "zones": {
      "fio_zone": {
        "rects": [[310, 85, 510, 125], [310, 85, 510, 90]], 
        "workflow": {
          "settings": {"vertsgm": "vertsgm/drvlic_type1_fio_zone.json"}, 
          "type": "common"
        }
      }, 
      "photo": {
        "rect": [0, 0, 420, 540], 
        "workflow": {
          "settings": {"photo_detector": ":/photo_retriever/photo_detector.json"}, 
          "type": "photo_retriever"
        }
      }, 
      "zone1": {
        "rect": [320, 80, 500, 400], 
        "workflow": {
          "settings": {"vertsgm": "vertsgm/drvlic_type1_zone1.json"}, 
          "type": "common"
        }
      }
    }
  }
}