{
  "rus.drvlic.type3:back": {
    "config": "templates/rus.drvlic.type3.back.common.json", 
    "expected_fields": ["number_back", "number2_back"], 
    "fields": {
      "number2_back": {
        "scale": 1.2, 
        "workflow": "field_processors/authority_t1_number_t3.json"
      }, 
      "number_back": {
        "scale": 1.2, 
        "workflow": "field_processors/authority_t1_number_t3.json"
      }
    }, 
    "formatters": [
      {
        "formatter": ":/postprocessor/punctuation_filter.json", 
        "input_fields": ["number2_back"]
      }, 
      {
        "formatter": ":/postprocessor/punctuation_filter.json", 
        "input_fields": ["number_back"]
      }
    ], 
    "image_integrators": {"__default__": ":/integrator/default_image_integrator.json"}, 
    "integrators": {
      "__default__": ":/integrator/default_rover_integrator.json", 
      "number2_back": ":/integrator/default_token_integrator.json", 
      "number_back": ":/integrator/default_token_integrator.json"
    }, 
    "size": [740, 1050], 
    "zones": {
      "zone1": {
        "rects": [[100, 925, 500, 125], [100, 825, 500, 125]], 
        "workflow": {
          "settings": {"vertsgm": "vertsgm/drvlic_type3_zone4_back.json"}, 
          "type": "common"
        }
      }
    }
  }
}