{
  "rus.drvlic.type2:front": {
    "config": "templates/rus.drvlic.type2.front.common.json", 
    "expected_fields": [
      "issue_date", 
      "surname", 
      "name", 
      "residence", 
      "number", 
      "patronymic", 
      "expiry_date", 
      "birth_date"
    ], 
    "fields": {
      "birth_date": {"scale": 2.0, "workflow": "field_processors/date_t2_t3.json"}, 
      "birth_place": {
        "scale": 2.0, 
        "workflow": "field_processors/birth_place_residence_t2_t3.json"
      }, 
      "expiry_date": {"scale": 2.0, "workflow": "field_processors/date_t2_t3.json"}, 
      "issue_date": {"scale": 2.0, "workflow": "field_processors/date_t2_t3.json"}, 
      "name": {"scale": 2.0, "workflow": "field_processors/name_patronymic_t2.json"}, 
      "number": {"scale": 1.4, "workflow": "field_processors/numser_t2.json"}, 
      "patronymic": {"scale": 2.0, "workflow": "field_processors/name_patronymic_t2.json"}, 
      "photo": {"workflow": {"settings": {}, "type": "image"}}, 
      "residence": {
        "scale": 2.0, 
        "workflow": "field_processors/birth_place_residence_t2_t3.json"
      }, 
      "surname": {"scale": 2.0, "workflow": "field_processors/surname_t2.json"}
    }, 
    "formatters": [
      {
        "formatter": ":/postprocessor/date/default_issue_date_DDMMYYYY_formatter.json", 
        "input_fields": ["issue_date"]
      }, 
      {
        "formatter": ":/postprocessor/date/default_expiry_date_DDMMYYYY_formatter.json", 
        "input_fields": ["expiry_date"]
      }, 
      {
        "formatter": ":/postprocessor/punctuation_filter.json", 
        "input_fields": ["number"]
      }, 
      {
        "formatter": ":/postprocessor/date/default_birth_date_DDMMYYYY_formatter.json", 
        "input_fields": ["birth_date"]
      }, 
      {
        "formatter": ":/postprocessor/dummy_postprocessor.json", 
        "input_fields": ["surname"]
      }, 
      {
        "formatter": ":/postprocessor/dummy_postprocessor.json", 
        "input_fields": ["name"]
      }, 
      {
        "formatter": ":/postprocessor/dummy_postprocessor.json", 
        "input_fields": ["patronymic"]
      }, 
      {
        "formatter": ":/postprocessor/dummy_postprocessor.json", 
        "input_fields": ["residence"]
      }, 
      {
        "formatter": ":/postprocessor/dummy_postprocessor.json", 
        "input_fields": ["birth_place"]
      }
    ], 
    "image_integrators": {"__default__": ":/integrator/default_image_integrator.json"}, 
    "integrators": {
      "__default__": ":/integrator/default_rover_integrator.json", 
      "birth_date": ":/integrator/default_token_integrator.json", 
      "expiry_date": ":/integrator/default_token_integrator.json", 
      "issue_date": ":/integrator/default_token_integrator.json", 
      "number": ":/integrator/default_token_integrator.json"
    }, 
    "size": [856, 540], 
    "zones": {
      "photo": {
        "rect": [0, 0, 420, 540], 
        "workflow": {
          "settings": {"photo_detector": ":/photo_retriever/photo_detector.json"}, 
          "type": "photo_retriever"
        }
      }, 
      "zone1": {
        "rect": [330, 10, 330, 150], 
        "workflow": {
          "settings": {"vertsgm": "vertsgm/drvlic_type2_zone1.json"}, 
          "type": "common"
        }
      }, 
      "zone2": {
        "rects": [[390, 145, 400, 115]], 
        "workflow": {
          "settings": {"vertsgm": "vertsgm/drvlic_type2_zone2.json"}, 
          "type": "common"
        }
      }, 
      "zone3": {
        "rect": [470, 340, 350, 60], 
        "workflow": {
          "settings": {"vertsgm": "vertsgm/drvlic_type2_zone3.json"}, 
          "type": "common"
        }
      }, 
      "zone4": {
        "rect": [340, 265, 500, 85], 
        "workflow": {
          "settings": {"vertsgm": "vertsgm/drvlic_type2_zone4.json"}, 
          "type": "common"
        }
      }, 
      "zone5": {
        "rect": [605, 250, 205, 40], 
        "workflow": {
          "settings": {"vertsgm": "vertsgm/drvlic_type2_zone5.json"}, 
          "type": "common"
        }
      }
    }
  }
}