{
  "rus.id.prosecutor.type2": {
    "(documentation)": {
      "description": "Russian Certificate of Prosecutor's Office (name of document is written in one line, page 2)", 
      "name": "Russian Certificate of Prosecutor's Office"
    }, 
    "expected_templates": [],
    "output_fields": [
      "photo", 
      "number", 
      "surname", 
      "name", 
      "rank",
      "patronymic"
    ], 
    "postprocessors": [
      {
        "input_fields": ["name_and_patronymic"], 
        "output_fields": ["name", "patronymic"], 
        "postprocessor": "postprocessors/police_name_patronymic_splitter_postprocessor.json"
      }, 
      {
        "input_fields": ["name"], 
        "postprocessor": "postprocessors/name_postprocessor.json"
      }, 
      {
        "input_fields": ["patronymic"], 
        "postprocessor": "postprocessors/patronymic_postprocessor.json"
      }, 
      {
        "input_fields": ["name", "patronymic"], 
        "output_fields": ["name_and_patronymic"], 
        "postprocessor": "postprocessors/police_name_patronymic_merger_postprocessor.json"
      }, 
      {
        "input_fields": ["surname"], 
        "postprocessor": "postprocessors/surname_postprocessor.json"
      }, 
      {
        "input_fields": ["number"], 
        "output_fields": ["number"], 
        "postprocessor": "postprocessors/prosecutor_number_postprocessor.json"
      }
    ], 
    "rejectors": {"__default__": ":/rejector/default_loyal_rejector.json"}, 
    "templates": {
      "rus.id.prosecutor.type2:page1": {"path": "tpl__rus.id.prosecutor.type2.page1.json"}, 
      "rus.id.prosecutor.type2:page2": {"path": "tpl__rus.id.prosecutor.type2.page2.json"}
    }
  }
}