{
  "rus.id.police.type1:page2": {
    "config": "templates/rus.id.police.type1.page2.common.json", 
    "expected_fields": [
      "issue_date", 
      "surname", 
      "name", 
      "patronymic"
    ], 
    "fields": {
      "issue_day": {
        "scale": 1.5, 
        "workflow": {
          "settings": {
            "deshearer": ":/mixangler/dummy_deshearer.json", 
            "recstr": ":/recstr/rus.id.police__digits_recstr.json"
          }, 
          "type": "common"
        }
      }, 
      "issue_month": {
        "scale": 1.5, 
        "workflow": {
          "settings": {
            "deshearer": ":/mixangler/dummy_deshearer.json", 
            "recstr": ":/recstr/rus.id.police__caps_small_symbols_recstr.json"
          }, 
          "type": "common"
        }
      }, 
      "issue_year": {
        "scale": 1.5, 
        "workflow": {
          "settings": {
            "deshearer": ":/mixangler/dummy_deshearer.json", 
            "recstr": ":/recstr/rus.id.police__digits_recstr.json"
          }, 
          "type": "common"
        }
      }, 
      "name_and_patronymic": {
        "scale": 1.2, 
        "workflow": {
          "settings": {
            "deshearer": ":/mixangler/dummy_deshearer.json", 
            "recstr": ":/recstr/rus.id.police__caps_small_symbols_recstr.json"
          }, 
          "type": "common"
        }
      }, 
      "number": {
        "scale": 1.2, 
        "workflow": {
          "settings": {
            "deshearer": ":/mixangler/dummy_deshearer.json", 
            "recstr": ":/recstr/rus.id.police__number_recstr.json"
          }, 
          "type": "common"
        }
      }, 
      "post_line1": {
        "scale": 1.3, 
        "workflow": {
          "settings": {
            "deshearer": ":/mixangler/dummy_deshearer.json", 
            "recstr": ":/recstr/rus.id.police__caps_small_symbols_recstr.json"
          }, 
          "type": "common"
        }
      }, 
      "post_line2": {
        "scale": 1.3, 
        "workflow": {
          "settings": {
            "deshearer": ":/mixangler/dummy_deshearer.json", 
            "recstr": ":/recstr/rus.id.police__caps_small_symbols_recstr.json"
          }, 
          "type": "common"
        }
      }, 
      "rank": {
        "scale": 1.2, 
        "workflow": {
          "settings": {
            "deshearer": ":/mixangler/dummy_deshearer.json", 
            "recstr": ":/recstr/rus.id.police__caps_small_symbols_recstr.json"
          }, 
          "type": "common"
        }
      }, 
      "series": {
        "scale": 1.3, 
        "workflow": {
          "settings": {
            "deshearer": ":/mixangler/dummy_deshearer.json", 
            "recstr": ":/recstr/rus.id.police__caps_symbols_recstr.json"
          }, 
          "type": "common"
        }
      }, 
      "signature": {"workflow": {"settings": {}, "type": "image"}}, 
      "surname": {
        "scale": 1.2, 
        "workflow": {
          "settings": {
            "deshearer": ":/mixangler/dummy_deshearer.json", 
            "recstr": ":/recstr/rus.id.police__caps_small_symbols_recstr.json"
          }, 
          "type": "common"
        }
      }
    }, 
    "formatters": [
      {
        "formatter": ":/postprocessor/punctuation_filter.json", 
        "input_fields": ["issue_day"]
      }, 
      {
        "formatter": ":/postprocessor/punctuation_filter.json", 
        "input_fields": ["issue_month"]
      }, 
      {
        "formatter": ":/postprocessor/punctuation_filter.json", 
        "input_fields": ["issue_year"]
      }, 
      {
        "formatter": "postprocessors/police_number_clutter_filter.json", 
        "input_fields": ["number"]
      }, 
      {
        "formatter": ":/postprocessor/punctuation_filter.json", 
        "input_fields": ["series"]
      }, 
      {
        "formatter": ":/postprocessor/dummy_postprocessor.json", 
        "input_fields": ["rank"]
      }, 
      {
        "formatter": ":/postprocessor/dummy_postprocessor.json", 
        "input_fields": ["surname"]
      }, 
      {
        "allow_incomplete_inputs": true, 
        "formatter": "postprocessors/police_post_merger.json", 
        "input_fields": ["post_line1", "post_line2"], 
        "output_fields": ["post"]
      }, 
      {
        "formatter": ":/postprocessor/dummy_postprocessor.json", 
        "input_fields": ["name_and_patronymic"]
      }
    ], 
    "image_integrators": {"__default__": ":/integrator/default_image_integrator.json"}, 
    "integrators": {
      "__default__": ":/integrator/default_rover_integrator.json", 
      "issue_day": ":/integrator/default_token_integrator.json", 
      "issue_year": ":/integrator/default_token_integrator.json", 
      "number": ":/integrator/default_token_integrator.json", 
      "series": ":/integrator/default_token_integrator.json"
    }, 
    "size": [650, 450], 
    "zones": {
      "signature": {
        "rect": [280, 320, 250, 130], 
        "workflow": {
          "settings": {"photo_detector": ":/photo_retriever/photo_detector.json"}, 
          "type": "photo_retriever"
        }
      }, 
      "zone1": {
        "rect": [70, 120, 470, 120], 
        "workflow": {
          "settings": {"vertsgm": "vertsgm/police_page2_zone1.json"}, 
          "type": "common"
        }
      }, 
      "zone2": {
        "rect": [300, 80, 340, 50], 
        "workflow": {
          "settings": {"vertsgm": "vertsgm/police_page2_zone2.json"}, 
          "type": "common"
        }
      }, 
      "zone3": {
        "rect": [30, 400, 260, 50], 
        "workflow": {
          "settings": {"vertsgm": "vertsgm/police_page2_zone3.json"}, 
          "type": "common"
        }
      }, 
      "zone4": {
        "rect": [70, 230, 480, 100], 
        "workflow": {
          "settings": {"vertsgm": "vertsgm/police_page2_zone4.json"}, 
          "type": "common"
        }
      }
    }
  }
}