{
  "rus.id.military.type3:page1": {
    "config": "templates/rus.id.military.type3.page1.common.json", 
    "expected_fields": ["number"], 
    "fields": {
      "number": {
        "scale": 2.0, 
        "workflow": {
          "settings": {
            "deshearer": ":/mixangler/dummy_deshearer.json", 
            "recstr": ":/recstr/rus.id.military__symbols_recstr.json"
          }, 
          "type": "common"
        }
      }, 
      "photo": {"workflow": {"settings": {}, "type": "image"}}, 
      "signature": {"workflow": {"settings": {}, "type": "image"}}
    }, 
    "formatters": [
      {
        "formatter": "postprocessors/military_number_alphabet_postprocessor_var1.json", 
        "input_fields": ["number"]
      }
    ], 
    "image_integrators": {"__default__": ":/integrator/default_image_integrator.json"}, 
    "integrators": {
      "__default__": ":/integrator/default_rover_integrator.json", 
      "number": ":/integrator/default_token_integrator.json"
    }, 
    "size": [560, 800], 
    "zones": {
      "photo": {
        "rect": [0, 400, 400, 400], 
        "workflow": {
          "settings": {"photo_detector": ":/photo_retriever/photo_detector.json"}, 
          "type": "photo_retriever"
        }
      }, 
      "signature": {
        "rect": [230, 640, 320, 110], 
        "workflow": ":/signature_retriever/signature_retriever.json"
      }, 
      "zone1": {
        "rect": [110, 215, 350, 50], 
        "workflow": {
          "settings": {"vertsgm": "vertsgm/military_number_zone.json"}, 
          "type": "common"
        }
      }
    }
  }
}