{
  "rus.id.prosecutor.type1:page1": {
    "config": "templates/rus.id.prosecutor.type1.page1.common.json", 
    "expected_fields": [
      "number", 
      "series"
     ], 
    "fields": {
      "number": {
        "scale": 1.2, 
        "workflow": {
          "settings": {
            "recstr": ":/recstr/rus.id.prosecutor__digits_recstr.json"
          }, 
          "type": "common"
        }
      }, 
      "photo": {"workflow": {"settings": {}, "type": "image"}}, 
      "signature": {"workflow": {"settings": {}, "type": "image"}}, 
      "series": {
        "scale": 1.2, 
        "workflow": {
          "settings": {
            "recstr": ":/recstr/rus.id.prosecutor__caps_symbols_recstr.json"
          }, 
          "type": "common"
        }
      }
    }, 
    "formatters": [
      {
        "formatter": ":/postprocessor/punctuation_filter.json",  
        "input_fields": ["number"]
      }, 
      {
        "formatter": ":/postprocessor/punctuation_filter.json", 
        "input_fields": ["series"]
      }
    ], 
    "image_integrators": {"__default__": ":/integrator/default_image_integrator.json"}, 
    "integrators": {
      "__default__": ":/integrator/default_rover_integrator.json", 
      "number": ":/integrator/default_token_integrator.json", 
      "series": ":/integrator/default_token_integrator.json"
    }, 
    "size": [650, 450], 
    "zones": {
      "photo": {
        "rect": [15, 5, 280, 350], 
        "workflow": {
          "settings": {"photo_detector": ":/photo_retriever/photo_detector.json"}, 
          "type": "photo_retriever"
        }
      }, 
      "signature": {
        "rect": [375, 360, 275, 70], 
        "workflow": {
          "settings": {"photo_detector": ":/photo_retriever/photo_detector.json"}, 
          "type": "photo_retriever"
        }
      }, 
      "number": {
        "rect": [10, 375, 300, 45], 
        "workflow": {
          "settings": {
            "extract_field_images": true, 
            "img_processor": {
              "settings": {"satur_coef": 1.5}, 
              "type": "satur_suppress"
            }, 
            "zone_processor": {
              "settings": {"vertsgm": "vertsgm/prosecutor_type1_page1_zone1.json"}, 
              "type": "common"
            }
          }, 
          "type": "with_preprocessing"
        }
      }
    }
  }
}