{
  "rus.id.military.type4:page2": {
    "config": "templates/rus.id.military.type4.page2.common.json", 
    "expected_fields": ["number"], 
    "fields": {
      "number": {
        "scale": 1.5, 
        "workflow": {
          "settings": {
            "deshearer": ":/mixangler/dummy_deshearer.json", 
            "recstr": ":/recstr/rus.id.military__symbols_recstr.json"
          }, 
          "type": "common"
        }
      }
    }, 
    "formatters": [
      {
        "formatter": "postprocessors/military_number_alphabet_postprocessor_var1.json", 
        "input_fields": ["number"]
      }
    ], 
    "image_integrators": {"__default__": ":/integrator/default_image_integrator.json"}, 
    "integrators": {
      "__default__": ":/integrator/default_rover_integrator.json", 
      "number": ":/integrator/default_token_integrator.json"
    }, 
    "size": [560, 730], 
    "zones": {
      "zone1": {
        "rect": [85, 20, 370, 90], 
        "workflow": {
          "settings": {"vertsgm": "vertsgm/military_number_zone.json"}, 
          "type": "common"
        }
      }
    }
  }
}