{
  "rus.id.lawyer.type1:page1": {
    "config": "templates/rus.id.lawyer.type1.page1.common.json", 
    "expected_fields": [
      "photo"
     ], 
    "fields": {
      "photo": {"workflow": {"settings": {}, "type": "image"}}
    }, 
    "formatters": [], 
    "image_integrators": {"__default__": ":/integrator/default_image_integrator.json"}, 
    "integrators": {
      "__default__": ":/integrator/default_rover_integrator.json"
    }, 
    "size": [650, 450], 
    "zones": {
      "photo": {
        "rect": [28, 15, 223, 251],
        "workflow": {
          "settings": {"photo_detector": ":/photo_retriever/photo_detector.json"}, 
          "type": "photo_retriever"
        }
      }
    }
  }
}