{
  "rus.id.soldier.type1:front": {
    "config": "templates/rus.id.soldier.type1.front.common.json", 
    "expected_fields": ["surname", "name", "patronymic", "birth_date", "number"], 
    "fields": {
      "birth_date": {
        "scale": 2.5, 
        "workflow": {
          "settings": {
            "deshearer": ":/mixangler/dummy_deshearer.json", 
            "recstr": ":/recstr/rus.id.police__digits_recstr.json"
          }, 
          "type": "common"
        }
      }, 
      "name": {
        "scale": 3.0, 
        "workflow": {
          "settings": {
            "deshearer": ":/mixangler/dummy_deshearer.json", 
            "recstr": ":/recstr/rus.id.police__caps_small_symbols_recstr.json"
          }, 
          "type": "common"
        }
      }, 
      "number": {
        "scale": 1.5, 
        "workflow": {
          "settings": {
            "deshearer": ":/mixangler/dummy_deshearer.json", 
            "recstr": ":/recstr/rus.id.police__digits_recstr.json"
          }, 
          "type": "common"
        }
      }, 
      "patronymic": {
        "scale": 3.0, 
        "workflow": {
          "settings": {
            "deshearer": ":/mixangler/dummy_deshearer.json", 
            "recstr": ":/recstr/rus.id.police__caps_small_symbols_recstr.json"
          }, 
          "type": "common"
        }
      }, 
      "photo": {"workflow": {"settings": {}, "type": "image"}}, 
      "surname": {
        "scale": 3.0, 
        "workflow": {
          "settings": {
            "deshearer": ":/mixangler/dummy_deshearer.json", 
            "recstr": ":/recstr/rus.id.police__caps_small_symbols_recstr.json"
          }, 
          "type": "common"
        }
      }
    }, 
    "formatters": [
      {
        "formatter": ":/postprocessor/punctuation_filter.json", 
        "input_fields": ["surname"]
      }, 
      {"formatter": ":/postprocessor/punctuation_filter.json", "input_fields": ["name"]}, 
      {
        "formatter": ":/postprocessor/punctuation_filter.json", 
        "input_fields": ["patronymic"]
      }, 
      {
        "input_fields": ["birth_date"], 
        "postprocessor": ":/postprocessor/date/default_birth_date_DDMMYYYY_postprocessor.json"
      }, 
      {
        "input_fields": ["number"], 
        "postprocessor": ":/postprocessor/punctuation_filter.json"
      }
    ], 
    "image_integrators": {"__default__": ":/integrator/default_image_integrator.json"}, 
    "integrators": {
      "__default__": ":/integrator/default_rover_integrator.json", 
      "birth_date": ":/integrator/default_token_integrator.json", 
      "number": ":/integrator/default_token_integrator.json"
    }, 
    "size": [856, 540], 
    "zones": {
      "number_zone": {
        "rect": [540, 440, 300, 85], 
        "workflow": {
          "settings": {"vertsgm": "vertsgm/soldier_number_zone.json"}, 
          "type": "common"
        }
      }, 
      "photo": {
        "rect": [400, 15, 450, 490], 
        "workflow": {
          "settings": {"photo_detector": ":/photo_retriever/photo_detector.json"}, 
          "type": "photo_retriever"
        }
      }, 
      "zone1": {
        "rect": [20, 120, 490, 280], 
        "workflow": {
          "settings": {"vertsgm": "vertsgm/soldier_front1_zone.json"}, 
          "type": "common"
        }
      }
    }
  }
}