{
  "(sample)": "TODO", 
  "features": {
    "content": {
      "(ffe)": ":/docs/rus.birth_certificate/ffe_config_mobile.json", 
      "(sources)": "rus.birth_certificate.type1.front.common/sources.lst", 
      "descriptor_size": 296, 
      "descriptor_type": "uint1", 
      "rotations": 4, 
      "variants": "rus.birth_certificate.type1.front.common/variants.lst"
    }, 
    "type": "common"
  }, 
  "name": "rus.birth_certificate.type1:front", 
  "size_mm": [
    148.0, 
    210.0
  ], 
  "size_px": [
    800, 
    1110
  ]
}