{
    "(sample)": "",
    "features": {
        "content": {
            "(ffe)": "",
            "(sources)": "rus.id.military.type5.page1.common/sources.lst",
            "descriptor_size": 296,
            "descriptor_type": "uint1",
            "rotations": 4,
            "variants": "rus.id.military.type5.page1.common/variants.lst"
        },
        "type": "common"
    },
    "name": "rus.id.military.type5:page1",
    "size_mm": [
        56,
        80
    ],
    "size_px": [
        560,
        800
    ]
}
