{
    "(sample)": "rus.id.prosecutor.type2.page2.common/sample.png",
    "features": {
        "content": {
            "(ffe)": "",
            "(sources)": "rus.id.prosecutor.type2.page2.common/sources.lst",
            "descriptor_size": 296,
            "descriptor_type": "uint1",
            "rotations": 4,
            "variants": "rus.id.prosecutor.type2.page2.common/variants.lst"
        },
        "type": "common"
    },
    "name": "rus.id.prosecutor.type2:page2",
    "size_mm": [
        65,
        45
    ],
    "size_px": [
        650,
        450
    ]
}
